start_time,end_time,kw_export,kw_import,kvar_export,kvar_import
2025-05-31 23:30:00,2025-06-01 00:00:00,0,845,0,335
2025-05-31 23:00:00,2025-05-31 23:30:00,0,798,0,340
2025-05-31 22:30:00,2025-05-31 23:00:00,0,645,0,268
2025-05-31 22:00:00,2025-05-31 22:30:00,0,694,0,273
2025-05-31 21:30:00,2025-05-31 22:00:00,0,816,0,357
2025-05-31 21:00:00,2025-05-31 21:30:00,0,837,0,342
2025-05-31 20:30:00,2025-05-31 21:00:00,0,643,0,256
2025-05-31 20:00:00,2025-05-31 20:30:00,0,616,0,241
2025-05-31 19:30:00,2025-05-31 20:00:00,0,611,0,248
2025-05-31 19:00:00,2025-05-31 19:30:00,0,616,0,246
2025-05-31 18:30:00,2025-05-31 19:00:00,0,573,0,222
2025-05-31 18:00:00,2025-05-31 18:30:00,0,575,0,237
2025-05-31 17:30:00,2025-05-31 18:00:00,0,566,0,226
2025-05-31 17:00:00,2025-05-31 17:30:00,0,717,0,287
2025-05-31 16:30:00,2025-05-31 17:00:00,0,785,0,320
2025-05-31 16:00:00,2025-05-31 16:30:00,0,590,0,240
2025-05-31 15:30:00,2025-05-31 16:00:00,0,637,0,248
2025-05-31 15:00:00,2025-05-31 15:30:00,0,679,0,266
2025-05-31 14:30:00,2025-05-31 15:00:00,0,713,0,272
2025-05-31 14:00:00,2025-05-31 14:30:00,0,753,0,303
2025-05-31 13:30:00,2025-05-31 14:00:00,0,614,0,244
2025-05-31 13:00:00,2025-05-31 13:30:00,0,686,0,277
2025-05-31 12:30:00,2025-05-31 13:00:00,0,711,0,282
2025-05-31 12:00:00,2025-05-31 12:30:00,0,719,0,274
2025-05-31 11:30:00,2025-05-31 12:00:00,0,738,0,301
2025-05-31 11:00:00,2025-05-31 11:30:00,0,639,0,261
2025-05-31 10:30:00,2025-05-31 11:00:00,0,741,0,304
2025-05-31 10:00:00,2025-05-31 10:30:00,0,702,0,279
2025-05-31 09:30:00,2025-05-31 10:00:00,0,787,0,305
2025-05-31 09:00:00,2025-05-31 09:30:00,0,892,0,357
2025-05-31 08:30:00,2025-05-31 09:00:00,0,914,0,364
2025-05-31 08:00:00,2025-05-31 08:30:00,0,825,0,351
2025-05-31 07:30:00,2025-05-31 08:00:00,0,802,0,326
2025-05-31 07:00:00,2025-05-31 07:30:00,0,853,0,327
2025-05-31 06:30:00,2025-05-31 07:00:00,0,920,0,385
2025-05-31 06:00:00,2025-05-31 06:30:00,0,800,0,345
2025-05-31 05:30:00,2025-05-31 06:00:00,0,686,0,278
2025-05-31 05:00:00,2025-05-31 05:30:00,0,703,0,295
2025-05-31 04:30:00,2025-05-31 05:00:00,0,677,0,278
2025-05-31 04:00:00,2025-05-31 04:30:00,0,677,0,287
2025-05-31 03:30:00,2025-05-31 04:00:00,0,702,0,300
2025-05-31 03:00:00,2025-05-31 03:30:00,0,681,0,270
2025-05-31 02:30:00,2025-05-31 03:00:00,0,662,0,267
2025-05-31 02:00:00,2025-05-31 02:30:00,0,546,0,231
2025-05-31 01:30:00,2025-05-31 02:00:00,0,551,0,229
2025-05-31 01:00:00,2025-05-31 01:30:00,0,570,0,229
2025-05-31 00:30:00,2025-05-31 01:00:00,0,669,0,248
2025-05-31 00:00:00,2025-05-31 00:30:00,0,859,0,347
2025-05-30 23:30:00,2025-05-31 00:00:00,0,719,0,297
2025-05-30 23:00:00,2025-05-30 23:30:00,0,655,0,262
2025-05-30 22:30:00,2025-05-30 23:00:00,0,671,0,258
2025-05-30 22:00:00,2025-05-30 22:30:00,0,922,0,364
2025-05-30 21:30:00,2025-05-30 22:00:00,0,866,0,332
2025-05-30 21:00:00,2025-05-30 21:30:00,0,787,0,291
2025-05-30 20:30:00,2025-05-30 21:00:00,0,771,0,296
2025-05-30 20:00:00,2025-05-30 20:30:00,0,735,0,285
2025-05-30 19:30:00,2025-05-30 20:00:00,0,714,0,267
2025-05-30 19:00:00,2025-05-30 19:30:00,0,727,0,268
2025-05-30 18:30:00,2025-05-30 19:00:00,0,731,0,289
2025-05-30 18:00:00,2025-05-30 18:30:00,0,671,0,252
2025-05-30 17:30:00,2025-05-30 18:00:00,0,684,0,264
2025-05-30 17:00:00,2025-05-30 17:30:00,0,605,0,232
2025-05-30 16:30:00,2025-05-30 17:00:00,0,630,0,251
2025-05-30 16:00:00,2025-05-30 16:30:00,0,594,0,228
2025-05-30 15:30:00,2025-05-30 16:00:00,0,593,0,221
2025-05-30 15:00:00,2025-05-30 15:30:00,0,604,0,228
2025-05-30 14:30:00,2025-05-30 15:00:00,0,616,0,231
2025-05-30 14:00:00,2025-05-30 14:30:00,0,603,0,239
2025-05-30 13:30:00,2025-05-30 14:00:00,0,606,0,239
2025-05-30 13:00:00,2025-05-30 13:30:00,0,599,0,244
2025-05-30 12:30:00,2025-05-30 13:00:00,0,643,0,253
2025-05-30 12:00:00,2025-05-30 12:30:00,0,632,0,249
2025-05-30 11:30:00,2025-05-30 12:00:00,0,645,0,261
2025-05-30 11:00:00,2025-05-30 11:30:00,0,639,0,249
2025-05-30 10:30:00,2025-05-30 11:00:00,0,759,0,298
2025-05-30 10:00:00,2025-05-30 10:30:00,0,929,0,369
2025-05-30 09:30:00,2025-05-30 10:00:00,0,883,0,372
2025-05-30 09:00:00,2025-05-30 09:30:00,0,770,0,297
2025-05-30 08:30:00,2025-05-30 09:00:00,0,875,0,347
2025-05-30 08:00:00,2025-05-30 08:30:00,0,954,0,391
2025-05-30 07:30:00,2025-05-30 08:00:00,0,881,0,351
2025-05-30 07:00:00,2025-05-30 07:30:00,0,730,0,301
2025-05-30 06:30:00,2025-05-30 07:00:00,0,793,0,341
2025-05-30 06:00:00,2025-05-30 06:30:00,0,826,0,344
2025-05-30 05:30:00,2025-05-30 06:00:00,0,856,0,372
2025-05-30 05:00:00,2025-05-30 05:30:00,0,799,0,335
2025-05-30 04:30:00,2025-05-30 05:00:00,0,788,0,319
2025-05-30 04:00:00,2025-05-30 04:30:00,0,807,0,332
2025-05-30 03:30:00,2025-05-30 04:00:00,0,828,0,352
2025-05-30 03:00:00,2025-05-30 03:30:00,0,801,0,345
2025-05-30 02:30:00,2025-05-30 03:00:00,0,689,0,270
2025-05-30 02:00:00,2025-05-30 02:30:00,0,678,0,277
2025-05-30 01:30:00,2025-05-30 02:00:00,0,723,0,276
2025-05-30 01:00:00,2025-05-30 01:30:00,0,744,0,296
2025-05-30 00:30:00,2025-05-30 01:00:00,0,791,0,305
2025-05-30 00:00:00,2025-05-30 00:30:00,0,711,0,273
2025-05-29 23:30:00,2025-05-30 00:00:00,0,580,0,232
2025-05-29 23:00:00,2025-05-29 23:30:00,0,631,0,248
2025-05-29 22:30:00,2025-05-29 23:00:00,0,809,0,316
2025-05-29 22:00:00,2025-05-29 22:30:00,0,709,0,286
2025-05-29 21:30:00,2025-05-29 22:00:00,0,593,0,231
2025-05-29 21:00:00,2025-05-29 21:30:00,0,583,0,235
2025-05-29 20:30:00,2025-05-29 21:00:00,0,509,0,188
2025-05-29 20:00:00,2025-05-29 20:30:00,0,500,0,187
2025-05-29 19:30:00,2025-05-29 20:00:00,0,510,0,197
2025-05-29 19:00:00,2025-05-29 19:30:00,0,506,0,206
2025-05-29 18:30:00,2025-05-29 19:00:00,0,506,0,211
2025-05-29 18:00:00,2025-05-29 18:30:00,0,512,0,218
2025-05-29 17:30:00,2025-05-29 18:00:00,0,510,0,213
2025-05-29 17:00:00,2025-05-29 17:30:00,0,543,0,210
2025-05-29 16:30:00,2025-05-29 17:00:00,0,528,0,194
2025-05-29 16:00:00,2025-05-29 16:30:00,0,544,0,205
2025-05-29 15:30:00,2025-05-29 16:00:00,0,594,0,232
2025-05-29 15:00:00,2025-05-29 15:30:00,0,572,0,214
2025-05-29 14:30:00,2025-05-29 15:00:00,0,643,0,242
2025-05-29 14:00:00,2025-05-29 14:30:00,0,647,0,250
2025-05-29 13:30:00,2025-05-29 14:00:00,0,681,0,267
2025-05-29 13:00:00,2025-05-29 13:30:00,0,666,0,255
2025-05-29 12:30:00,2025-05-29 13:00:00,0,681,0,273
2025-05-29 12:00:00,2025-05-29 12:30:00,0,643,0,254
2025-05-29 11:30:00,2025-05-29 12:00:00,0,695,0,276
2025-05-29 11:00:00,2025-05-29 11:30:00,0,729,0,305
2025-05-29 10:30:00,2025-05-29 11:00:00,0,786,0,323
2025-05-29 10:00:00,2025-05-29 10:30:00,0,895,0,381
2025-05-29 09:30:00,2025-05-29 10:00:00,0,718,0,268
2025-05-29 09:00:00,2025-05-29 09:30:00,0,676,0,259
2025-05-29 08:30:00,2025-05-29 09:00:00,0,720,0,277
2025-05-29 08:00:00,2025-05-29 08:30:00,0,838,0,348
2025-05-29 07:30:00,2025-05-29 08:00:00,0,839,0,341
2025-05-29 07:00:00,2025-05-29 07:30:00,0,650,0,253
2025-05-29 06:30:00,2025-05-29 07:00:00,0,669,0,267
2025-05-29 06:00:00,2025-05-29 06:30:00,0,727,0,308
2025-05-29 05:30:00,2025-05-29 06:00:00,0,862,0,342
2025-05-29 05:00:00,2025-05-29 05:30:00,0,738,0,298
2025-05-29 04:30:00,2025-05-29 05:00:00,0,639,0,268
2025-05-29 04:00:00,2025-05-29 04:30:00,0,665,0,254
2025-05-29 03:30:00,2025-05-29 04:00:00,0,782,0,318
2025-05-29 03:00:00,2025-05-29 03:30:00,0,837,0,339
2025-05-29 02:30:00,2025-05-29 03:00:00,0,693,0,292
2025-05-29 02:00:00,2025-05-29 02:30:00,0,654,0,265
2025-05-29 01:30:00,2025-05-29 02:00:00,0,721,0,292
2025-05-29 01:00:00,2025-05-29 01:30:00,0,808,0,342
2025-05-29 00:30:00,2025-05-29 01:00:00,0,755,0,302
2025-05-29 00:00:00,2025-05-29 00:30:00,0,613,0,236
2025-05-28 23:30:00,2025-05-29 00:00:00,0,599,0,223
2025-05-28 23:00:00,2025-05-28 23:30:00,0,610,0,241
2025-05-28 22:30:00,2025-05-28 23:00:00,0,635,0,239
2025-05-28 22:00:00,2025-05-28 22:30:00,0,644,0,246
2025-05-28 21:30:00,2025-05-28 22:00:00,0,781,0,305
2025-05-28 21:00:00,2025-05-28 21:30:00,0,790,0,318
2025-05-28 20:30:00,2025-05-28 21:00:00,0,642,0,244
2025-05-28 20:00:00,2025-05-28 20:30:00,0,695,0,274
2025-05-28 19:30:00,2025-05-28 20:00:00,0,821,0,339
2025-05-28 19:00:00,2025-05-28 19:30:00,0,753,0,297
2025-05-28 18:30:00,2025-05-28 19:00:00,0,605,0,245
2025-05-28 18:00:00,2025-05-28 18:30:00,0,627,0,269
2025-05-28 17:30:00,2025-05-28 18:00:00,0,632,0,251
2025-05-28 17:00:00,2025-05-28 17:30:00,0,654,0,262
2025-05-28 16:30:00,2025-05-28 17:00:00,0,658,0,257
2025-05-28 16:00:00,2025-05-28 16:30:00,0,650,0,245
2025-05-28 15:30:00,2025-05-28 16:00:00,0,693,0,279
2025-05-28 15:00:00,2025-05-28 15:30:00,0,711,0,276
2025-05-28 14:30:00,2025-05-28 15:00:00,0,754,0,285
2025-05-28 14:00:00,2025-05-28 14:30:00,0,784,0,295
2025-05-28 13:30:00,2025-05-28 14:00:00,0,692,0,252
2025-05-28 13:00:00,2025-05-28 13:30:00,0,631,0,228
2025-05-28 12:30:00,2025-05-28 13:00:00,0,625,0,231
2025-05-28 12:00:00,2025-05-28 12:30:00,0,634,0,233
2025-05-28 11:30:00,2025-05-28 12:00:00,0,640,0,232
2025-05-28 11:00:00,2025-05-28 11:30:00,0,715,0,263
2025-05-28 10:30:00,2025-05-28 11:00:00,0,798,0,287
2025-05-28 10:00:00,2025-05-28 10:30:00,0,684,0,261
2025-05-28 09:30:00,2025-05-28 10:00:00,0,633,0,250
2025-05-28 09:00:00,2025-05-28 09:30:00,0,724,0,281
2025-05-28 08:30:00,2025-05-28 09:00:00,0,685,0,273
2025-05-28 08:00:00,2025-05-28 08:30:00,0,707,0,272
2025-05-28 07:30:00,2025-05-28 08:00:00,0,617,0,248
2025-05-28 07:00:00,2025-05-28 07:30:00,0,594,0,233
2025-05-28 06:30:00,2025-05-28 07:00:00,0,661,0,271
2025-05-28 06:00:00,2025-05-28 06:30:00,0,624,0,250
2025-05-28 05:30:00,2025-05-28 06:00:00,0,694,0,288
2025-05-28 05:00:00,2025-05-28 05:30:00,0,624,0,263
2025-05-28 04:30:00,2025-05-28 05:00:00,0,648,0,283
2025-05-28 04:00:00,2025-05-28 04:30:00,0,657,0,248
2025-05-28 03:30:00,2025-05-28 04:00:00,0,705,0,284
2025-05-28 03:00:00,2025-05-28 03:30:00,0,839,0,338
2025-05-28 02:30:00,2025-05-28 03:00:00,0,758,0,310
2025-05-28 02:00:00,2025-05-28 02:30:00,0,642,0,265
2025-05-28 01:30:00,2025-05-28 02:00:00,0,676,0,273
2025-05-28 01:00:00,2025-05-28 01:30:00,0,792,0,312
2025-05-28 00:30:00,2025-05-28 01:00:00,0,823,0,345
2025-05-28 00:00:00,2025-05-28 00:30:00,0,732,0,303
2025-05-27 23:30:00,2025-05-28 00:00:00,0,665,0,260
2025-05-27 23:00:00,2025-05-27 23:30:00,0,672,0,266
2025-05-27 22:30:00,2025-05-27 23:00:00,0,754,0,294
2025-05-27 22:00:00,2025-05-27 22:30:00,0,830,0,333
2025-05-27 21:30:00,2025-05-27 22:00:00,0,819,0,334
2025-05-27 21:00:00,2025-05-27 21:30:00,0,670,0,277
2025-05-27 20:30:00,2025-05-27 21:00:00,0,631,0,245
2025-05-27 20:00:00,2025-05-27 20:30:00,0,739,0,288
2025-05-27 19:30:00,2025-05-27 20:00:00,0,838,0,321
2025-05-27 19:00:00,2025-05-27 19:30:00,0,838,0,333
2025-05-27 18:30:00,2025-05-27 19:00:00,0,630,0,250
2025-05-27 18:00:00,2025-05-27 18:30:00,0,677,0,270
2025-05-27 17:30:00,2025-05-27 18:00:00,0,757,0,304
2025-05-27 17:00:00,2025-05-27 17:30:00,0,854,0,334
2025-05-27 16:30:00,2025-05-27 17:00:00,0,784,0,322
2025-05-27 16:00:00,2025-05-27 16:30:00,0,644,0,248
2025-05-27 15:30:00,2025-05-27 16:00:00,0,734,0,296
2025-05-27 15:00:00,2025-05-27 15:30:00,0,768,0,292
2025-05-27 14:30:00,2025-05-27 15:00:00,0,889,0,353
2025-05-27 14:00:00,2025-05-27 14:30:00,0,812,0,327
2025-05-27 13:30:00,2025-05-27 14:00:00,0,655,0,240
2025-05-27 13:00:00,2025-05-27 13:30:00,0,689,0,268
2025-05-27 12:30:00,2025-05-27 13:00:00,0,740,0,281
2025-05-27 12:00:00,2025-05-27 12:30:00,0,871,0,369
2025-05-27 11:30:00,2025-05-27 12:00:00,0,700,0,278
2025-05-27 11:00:00,2025-05-27 11:30:00,0,661,0,248
2025-05-27 10:30:00,2025-05-27 11:00:00,0,648,0,248
2025-05-27 10:00:00,2025-05-27 10:30:00,0,636,0,238
2025-05-27 09:30:00,2025-05-27 10:00:00,0,626,0,230
2025-05-27 09:00:00,2025-05-27 09:30:00,0,564,0,213
2025-05-27 08:30:00,2025-05-27 09:00:00,0,524,0,202
2025-05-27 08:00:00,2025-05-27 08:30:00,0,533,0,199
2025-05-27 07:30:00,2025-05-27 08:00:00,0,570,0,224
2025-05-27 07:00:00,2025-05-27 07:30:00,0,565,0,226
2025-05-27 06:30:00,2025-05-27 07:00:00,0,720,0,300
2025-05-27 06:00:00,2025-05-27 06:30:00,0,733,0,307
2025-05-27 05:30:00,2025-05-27 06:00:00,0,629,0,259
2025-05-27 05:00:00,2025-05-27 05:30:00,0,632,0,258
2025-05-27 04:30:00,2025-05-27 05:00:00,0,751,0,325
2025-05-27 04:00:00,2025-05-27 04:30:00,0,756,0,339
2025-05-27 03:30:00,2025-05-27 04:00:00,0,647,0,255
2025-05-27 03:00:00,2025-05-27 03:30:00,0,601,0,236
2025-05-27 02:30:00,2025-05-27 03:00:00,0,593,0,237
2025-05-27 02:00:00,2025-05-27 02:30:00,0,623,0,256
2025-05-27 01:30:00,2025-05-27 02:00:00,0,669,0,269
2025-05-27 01:00:00,2025-05-27 01:30:00,0,779,0,300
2025-05-27 00:30:00,2025-05-27 01:00:00,0,743,0,302
2025-05-27 00:00:00,2025-05-27 00:30:00,0,596,0,244
2025-05-26 23:30:00,2025-05-27 00:00:00,0,664,0,267
2025-05-26 23:00:00,2025-05-26 23:30:00,0,789,0,329
2025-05-26 22:30:00,2025-05-26 23:00:00,0,717,0,294
2025-05-26 22:00:00,2025-05-26 22:30:00,0,613,0,247
2025-05-26 21:30:00,2025-05-26 22:00:00,0,648,0,259
2025-05-26 21:00:00,2025-05-26 21:30:00,0,697,0,291
2025-05-26 20:30:00,2025-05-26 21:00:00,0,743,0,291
2025-05-26 20:00:00,2025-05-26 20:30:00,0,735,0,292
2025-05-26 19:30:00,2025-05-26 20:00:00,0,717,0,284
2025-05-26 19:00:00,2025-05-26 19:30:00,0,744,0,293
2025-05-26 18:30:00,2025-05-26 19:00:00,0,780,0,319
2025-05-26 18:00:00,2025-05-26 18:30:00,0,791,0,317
2025-05-26 17:30:00,2025-05-26 18:00:00,0,841,0,339
2025-05-26 17:00:00,2025-05-26 17:30:00,0,849,0,353
2025-05-26 16:30:00,2025-05-26 17:00:00,0,768,0,314
2025-05-26 16:00:00,2025-05-26 16:30:00,0,779,0,302
2025-05-26 15:30:00,2025-05-26 16:00:00,0,841,0,329
2025-05-26 15:00:00,2025-05-26 15:30:00,0,917,0,357
2025-05-26 14:30:00,2025-05-26 15:00:00,0,904,0,367
2025-05-26 14:00:00,2025-05-26 14:30:00,0,780,0,291
2025-05-26 13:30:00,2025-05-26 14:00:00,0,761,0,294
2025-05-26 13:00:00,2025-05-26 13:30:00,0,766,0,289
2025-05-26 12:30:00,2025-05-26 13:00:00,0,810,0,307
2025-05-26 12:00:00,2025-05-26 12:30:00,0,827,0,299
2025-05-26 11:30:00,2025-05-26 12:00:00,0,904,0,365
2025-05-26 11:00:00,2025-05-26 11:30:00,0,842,0,337
2025-05-26 10:30:00,2025-05-26 11:00:00,0,808,0,312
2025-05-26 10:00:00,2025-05-26 10:30:00,0,883,0,339
2025-05-26 09:30:00,2025-05-26 10:00:00,0,882,0,352
2025-05-26 09:00:00,2025-05-26 09:30:00,0,936,0,394
2025-05-26 08:30:00,2025-05-26 09:00:00,0,799,0,314
2025-05-26 08:00:00,2025-05-26 08:30:00,0,812,0,306
2025-05-26 07:30:00,2025-05-26 08:00:00,0,859,0,326
2025-05-26 07:00:00,2025-05-26 07:30:00,0,845,0,321
2025-05-26 06:30:00,2025-05-26 07:00:00,0,924,0,386
2025-05-26 06:00:00,2025-05-26 06:30:00,0,772,0,308
2025-05-26 05:30:00,2025-05-26 06:00:00,0,743,0,300
2025-05-26 05:00:00,2025-05-26 05:30:00,0,724,0,279
2025-05-26 04:30:00,2025-05-26 05:00:00,0,810,0,334
2025-05-26 04:00:00,2025-05-26 04:30:00,0,829,0,322
2025-05-26 03:30:00,2025-05-26 04:00:00,0,921,0,382
2025-05-26 03:00:00,2025-05-26 03:30:00,0,837,0,343
2025-05-26 02:30:00,2025-05-26 03:00:00,0,727,0,294
2025-05-26 02:00:00,2025-05-26 02:30:00,0,752,0,305
2025-05-26 01:30:00,2025-05-26 02:00:00,0,749,0,294
2025-05-26 01:00:00,2025-05-26 01:30:00,0,710,0,279
2025-05-26 00:30:00,2025-05-26 01:00:00,0,732,0,281
2025-05-26 00:00:00,2025-05-26 00:30:00,0,876,0,346
2025-05-25 23:30:00,2025-05-26 00:00:00,0,826,0,316
2025-05-25 23:00:00,2025-05-25 23:30:00,0,769,0,298
2025-05-25 22:30:00,2025-05-25 23:00:00,0,826,0,335
2025-05-25 22:00:00,2025-05-25 22:30:00,0,829,0,314
2025-05-25 21:30:00,2025-05-25 22:00:00,0,942,0,381
2025-05-25 21:00:00,2025-05-25 21:30:00,0,961,0,403
2025-05-25 20:30:00,2025-05-25 21:00:00,0,906,0,378
2025-05-25 20:00:00,2025-05-25 20:30:00,0,979,0,414
2025-05-25 19:30:00,2025-05-25 20:00:00,0,1138,0,480
2025-05-25 19:00:00,2025-05-25 19:30:00,0,1213,0,529
2025-05-25 18:30:00,2025-05-25 19:00:00,0,1248,0,537
2025-05-25 18:00:00,2025-05-25 18:30:00,0,1245,0,523
2025-05-25 17:30:00,2025-05-25 18:00:00,0,1241,0,526
2025-05-25 17:00:00,2025-05-25 17:30:00,0,1291,0,543
2025-05-25 16:30:00,2025-05-25 17:00:00,0,1313,0,533
2025-05-25 16:00:00,2025-05-25 16:30:00,0,1369,0,578
2025-05-25 15:30:00,2025-05-25 16:00:00,0,1293,0,550
2025-05-25 15:00:00,2025-05-25 15:30:00,0,1316,0,552
2025-05-25 14:30:00,2025-05-25 15:00:00,0,1280,0,524
2025-05-25 14:00:00,2025-05-25 14:30:00,0,1340,0,539
2025-05-25 13:30:00,2025-05-25 14:00:00,0,1422,0,586
2025-05-25 13:00:00,2025-05-25 13:30:00,0,1405,0,570
2025-05-25 12:30:00,2025-05-25 13:00:00,0,1403,0,576
2025-05-25 12:00:00,2025-05-25 12:30:00,0,1325,0,542
2025-05-25 11:30:00,2025-05-25 12:00:00,0,1352,0,551
2025-05-25 11:00:00,2025-05-25 11:30:00,0,1312,0,534
2025-05-25 10:30:00,2025-05-25 11:00:00,0,1152,0,469
2025-05-25 10:00:00,2025-05-25 10:30:00,0,1105,0,454
2025-05-25 09:30:00,2025-05-25 10:00:00,0,1149,0,474
2025-05-25 09:00:00,2025-05-25 09:30:00,0,1226,0,493
2025-05-25 08:30:00,2025-05-25 09:00:00,0,1268,0,507
2025-05-25 08:00:00,2025-05-25 08:30:00,0,1202,0,489
2025-05-25 07:30:00,2025-05-25 08:00:00,0,1127,0,484
2025-05-25 07:00:00,2025-05-25 07:30:00,0,896,0,380
2025-05-25 06:30:00,2025-05-25 07:00:00,0,1063,0,456
2025-05-25 06:00:00,2025-05-25 06:30:00,0,1098,0,446
2025-05-25 05:30:00,2025-05-25 06:00:00,0,1220,0,524
2025-05-25 05:00:00,2025-05-25 05:30:00,0,992,0,439
2025-05-25 04:30:00,2025-05-25 05:00:00,0,981,0,413
2025-05-25 04:00:00,2025-05-25 04:30:00,0,1009,0,455
2025-05-25 03:30:00,2025-05-25 04:00:00,0,1039,0,458
2025-05-25 03:00:00,2025-05-25 03:30:00,0,1097,0,473
2025-05-25 02:30:00,2025-05-25 03:00:00,0,1168,0,493
2025-05-25 02:00:00,2025-05-25 02:30:00,0,1077,0,427
2025-05-25 01:30:00,2025-05-25 02:00:00,0,1107,0,481
2025-05-25 01:00:00,2025-05-25 01:30:00,0,1085,0,427
2025-05-25 00:30:00,2025-05-25 01:00:00,0,1260,0,537
2025-05-25 00:00:00,2025-05-25 00:30:00,0,1342,0,568
2025-05-24 23:30:00,2025-05-25 00:00:00,0,1211,0,526
2025-05-24 23:00:00,2025-05-24 23:30:00,0,1183,0,495
2025-05-24 22:30:00,2025-05-24 23:00:00,0,1176,0,494
2025-05-24 22:00:00,2025-05-24 22:30:00,0,1305,0,549
2025-05-24 21:30:00,2025-05-24 22:00:00,0,1418,0,587
2025-05-24 21:00:00,2025-05-24 21:30:00,0,1443,0,592
2025-05-24 20:30:00,2025-05-24 21:00:00,0,1320,0,545
2025-05-24 20:00:00,2025-05-24 20:30:00,0,1129,0,450
2025-05-24 19:30:00,2025-05-24 20:00:00,0,1059,0,424
2025-05-24 19:00:00,2025-05-24 19:30:00,0,1115,0,468
2025-05-24 18:30:00,2025-05-24 19:00:00,0,1257,0,528
2025-05-24 18:00:00,2025-05-24 18:30:00,0,1387,0,591
2025-05-24 17:30:00,2025-05-24 18:00:00,0,1448,0,592
2025-05-24 17:00:00,2025-05-24 17:30:00,0,1263,0,516
2025-05-24 16:30:00,2025-05-24 17:00:00,0,1093,0,445
2025-05-24 16:00:00,2025-05-24 16:30:00,0,1212,0,493
2025-05-24 15:30:00,2025-05-24 16:00:00,0,1299,0,556
2025-05-24 15:00:00,2025-05-24 15:30:00,0,1202,0,501
2025-05-24 14:30:00,2025-05-24 15:00:00,0,1436,0,569
2025-05-24 14:00:00,2025-05-24 14:30:00,0,1313,0,552
2025-05-24 13:30:00,2025-05-24 14:00:00,0,1277,0,551
2025-05-24 13:00:00,2025-05-24 13:30:00,0,1346,0,548
2025-05-24 12:30:00,2025-05-24 13:00:00,0,1124,0,474
2025-05-24 12:00:00,2025-05-24 12:30:00,0,1077,0,430
2025-05-24 11:30:00,2025-05-24 12:00:00,0,1424,0,574
2025-05-24 11:00:00,2025-05-24 11:30:00,0,1534,0,623
2025-05-24 10:30:00,2025-05-24 11:00:00,0,1362,0,555
2025-05-24 10:00:00,2025-05-24 10:30:00,0,1088,0,465
2025-05-24 09:30:00,2025-05-24 10:00:00,0,1078,0,450
2025-05-24 09:00:00,2025-05-24 09:30:00,0,1184,0,503
2025-05-24 08:30:00,2025-05-24 09:00:00,0,1516,0,640
2025-05-24 08:00:00,2025-05-24 08:30:00,0,1437,0,626
2025-05-24 07:30:00,2025-05-24 08:00:00,0,1209,0,523
2025-05-24 07:00:00,2025-05-24 07:30:00,0,1030,0,417
2025-05-24 06:30:00,2025-05-24 07:00:00,0,1029,0,426
2025-05-24 06:00:00,2025-05-24 06:30:00,0,1012,0,427
2025-05-24 05:30:00,2025-05-24 06:00:00,0,1041,0,458
2025-05-24 05:00:00,2025-05-24 05:30:00,0,1331,0,552
2025-05-24 04:30:00,2025-05-24 05:00:00,0,1140,0,453
2025-05-24 04:00:00,2025-05-24 04:30:00,0,1127,0,467
2025-05-24 03:30:00,2025-05-24 04:00:00,0,1024,0,439
2025-05-24 03:00:00,2025-05-24 03:30:00,0,954,0,382
2025-05-24 02:30:00,2025-05-24 03:00:00,0,990,0,399
2025-05-24 02:00:00,2025-05-24 02:30:00,0,1194,0,519
2025-05-24 01:30:00,2025-05-24 02:00:00,0,1235,0,545
2025-05-24 01:00:00,2025-05-24 01:30:00,0,1363,0,553
2025-05-24 00:30:00,2025-05-24 01:00:00,0,1326,0,536
2025-05-24 00:00:00,2025-05-24 00:30:00,0,1130,0,435
2025-05-23 23:30:00,2025-05-24 00:00:00,0,1082,0,435
2025-05-23 23:00:00,2025-05-23 23:30:00,0,1031,0,423
2025-05-23 22:30:00,2025-05-23 23:00:00,0,1028,0,436
2025-05-23 22:00:00,2025-05-23 22:30:00,0,1024,0,418
2025-05-23 21:30:00,2025-05-23 22:00:00,0,1154,0,479
2025-05-23 21:00:00,2025-05-23 21:30:00,0,1327,0,562
2025-05-23 20:30:00,2025-05-23 21:00:00,0,1319,0,543
2025-05-23 20:00:00,2025-05-23 20:30:00,0,1147,0,472
2025-05-23 19:30:00,2025-05-23 20:00:00,0,981,0,407
2025-05-23 19:00:00,2025-05-23 19:30:00,0,1048,0,411
2025-05-23 18:30:00,2025-05-23 19:00:00,0,1200,0,514
2025-05-23 18:00:00,2025-05-23 18:30:00,0,1226,0,513
2025-05-23 17:30:00,2025-05-23 18:00:00,0,1354,0,559
2025-05-23 17:00:00,2025-05-23 17:30:00,0,1212,0,503
2025-05-23 16:30:00,2025-05-23 17:00:00,0,1233,0,506
2025-05-23 16:00:00,2025-05-23 16:30:00,0,1353,0,582
2025-05-23 15:30:00,2025-05-23 16:00:00,0,1154,0,475
2025-05-23 15:00:00,2025-05-23 15:30:00,0,1083,0,431
2025-05-23 14:30:00,2025-05-23 15:00:00,0,1137,0,455
2025-05-23 14:00:00,2025-05-23 14:30:00,0,1311,0,547
2025-05-23 13:30:00,2025-05-23 14:00:00,0,1383,0,582
2025-05-23 13:00:00,2025-05-23 13:30:00,0,1186,0,490
2025-05-23 12:30:00,2025-05-23 13:00:00,0,1119,0,446
2025-05-23 12:00:00,2025-05-23 12:30:00,0,1297,0,524
2025-05-23 11:30:00,2025-05-23 12:00:00,0,1560,0,647
2025-05-23 11:00:00,2025-05-23 11:30:00,0,1439,0,606
2025-05-23 10:30:00,2025-05-23 11:00:00,0,1104,0,455
2025-05-23 10:00:00,2025-05-23 10:30:00,0,1056,0,418
2025-05-23 09:30:00,2025-05-23 10:00:00,0,1132,0,464
2025-05-23 09:00:00,2025-05-23 09:30:00,0,1308,0,556
2025-05-23 08:30:00,2025-05-23 09:00:00,0,1527,0,637
2025-05-23 08:00:00,2025-05-23 08:30:00,0,1400,0,589
2025-05-23 07:30:00,2025-05-23 08:00:00,0,1123,0,472
2025-05-23 07:00:00,2025-05-23 07:30:00,0,1095,0,463
2025-05-23 06:30:00,2025-05-23 07:00:00,0,1126,0,475
2025-05-23 06:00:00,2025-05-23 06:30:00,0,1290,0,556
2025-05-23 05:30:00,2025-05-23 06:00:00,0,1362,0,587
2025-05-23 05:00:00,2025-05-23 05:30:00,0,1337,0,582
2025-05-23 04:30:00,2025-05-23 05:00:00,0,1072,0,457
2025-05-23 04:00:00,2025-05-23 04:30:00,0,1125,0,478
2025-05-23 03:30:00,2025-05-23 04:00:00,0,1324,0,566
2025-05-23 03:00:00,2025-05-23 03:30:00,0,1195,0,525
2025-05-23 02:30:00,2025-05-23 03:00:00,0,1038,0,445
2025-05-23 02:00:00,2025-05-23 02:30:00,0,1233,0,514
2025-05-23 01:30:00,2025-05-23 02:00:00,0,1355,0,557
2025-05-23 01:00:00,2025-05-23 01:30:00,0,1470,0,635
2025-05-23 00:30:00,2025-05-23 01:00:00,0,1199,0,517
2025-05-23 00:00:00,2025-05-23 00:30:00,0,1058,0,435
2025-05-22 23:30:00,2025-05-23 00:00:00,0,1091,0,445
2025-05-22 23:00:00,2025-05-22 23:30:00,0,1025,0,391
2025-05-22 22:30:00,2025-05-22 23:00:00,0,1253,0,488
2025-05-22 22:00:00,2025-05-22 22:30:00,0,1279,0,517
2025-05-22 21:30:00,2025-05-22 22:00:00,0,1154,0,471
2025-05-22 21:00:00,2025-05-22 21:30:00,0,1105,0,469
2025-05-22 20:30:00,2025-05-22 21:00:00,0,994,0,410
2025-05-22 20:00:00,2025-05-22 20:30:00,0,977,0,381
2025-05-22 19:30:00,2025-05-22 20:00:00,0,1260,0,515
2025-05-22 19:00:00,2025-05-22 19:30:00,0,1471,0,617
2025-05-22 18:30:00,2025-05-22 19:00:00,0,1111,0,470
2025-05-22 18:00:00,2025-05-22 18:30:00,0,1017,0,401
2025-05-22 17:30:00,2025-05-22 18:00:00,0,1031,0,399
2025-05-22 17:00:00,2025-05-22 17:30:00,0,1029,0,415
2025-05-22 16:30:00,2025-05-22 17:00:00,0,1082,0,446
2025-05-22 16:00:00,2025-05-22 16:30:00,0,1249,0,511
2025-05-22 15:30:00,2025-05-22 16:00:00,0,1255,0,519
2025-05-22 15:00:00,2025-05-22 15:30:00,0,1082,0,456
2025-05-22 14:30:00,2025-05-22 15:00:00,0,987,0,403
2025-05-22 14:00:00,2025-05-22 14:30:00,0,1162,0,491
2025-05-22 13:30:00,2025-05-22 14:00:00,0,1078,0,448
2025-05-22 13:00:00,2025-05-22 13:30:00,0,1014,0,409
2025-05-22 12:30:00,2025-05-22 13:00:00,0,972,0,388
2025-05-22 12:00:00,2025-05-22 12:30:00,0,929,0,352
2025-05-22 11:30:00,2025-05-22 12:00:00,0,1093,0,445
2025-05-22 11:00:00,2025-05-22 11:30:00,0,1062,0,463
2025-05-22 10:30:00,2025-05-22 11:00:00,0,828,0,319
2025-05-22 10:00:00,2025-05-22 10:30:00,0,832,0,315
2025-05-22 09:30:00,2025-05-22 10:00:00,0,851,0,327
2025-05-22 09:00:00,2025-05-22 09:30:00,0,1025,0,405
2025-05-22 08:30:00,2025-05-22 09:00:00,0,1227,0,497
2025-05-22 08:00:00,2025-05-22 08:30:00,0,1113,0,460
2025-05-22 07:30:00,2025-05-22 08:00:00,0,1084,0,451
2025-05-22 07:00:00,2025-05-22 07:30:00,0,1204,0,491
2025-05-22 06:30:00,2025-05-22 07:00:00,0,1228,0,511
2025-05-22 06:00:00,2025-05-22 06:30:00,0,1036,0,427
2025-05-22 05:30:00,2025-05-22 06:00:00,0,963,0,386
2025-05-22 05:00:00,2025-05-22 05:30:00,0,963,0,387
2025-05-22 04:30:00,2025-05-22 05:00:00,0,1046,0,416
2025-05-22 04:00:00,2025-05-22 04:30:00,0,1222,0,522
2025-05-22 03:30:00,2025-05-22 04:00:00,0,1022,0,406
2025-05-22 03:00:00,2025-05-22 03:30:00,0,1051,0,433
2025-05-22 02:30:00,2025-05-22 03:00:00,0,1065,0,448
2025-05-22 02:00:00,2025-05-22 02:30:00,0,1152,0,494
2025-05-22 01:30:00,2025-05-22 02:00:00,0,1161,0,479
2025-05-22 01:00:00,2025-05-22 01:30:00,0,1104,0,451
2025-05-22 00:30:00,2025-05-22 01:00:00,0,1353,0,563
2025-05-22 00:00:00,2025-05-22 00:30:00,0,1189,0,502
2025-05-21 23:30:00,2025-05-22 00:00:00,0,1164,0,473
2025-05-21 23:00:00,2025-05-21 23:30:00,0,1170,0,482
2025-05-21 22:30:00,2025-05-21 23:00:00,0,997,0,407
2025-05-21 22:00:00,2025-05-21 22:30:00,0,992,0,406
2025-05-21 21:30:00,2025-05-21 22:00:00,0,1078,0,461
2025-05-21 21:00:00,2025-05-21 21:30:00,0,1284,0,533
2025-05-21 20:30:00,2025-05-21 21:00:00,0,1078,0,440
2025-05-21 20:00:00,2025-05-21 20:30:00,0,949,0,385
2025-05-21 19:30:00,2025-05-21 20:00:00,0,890,0,350
2025-05-21 19:00:00,2025-05-21 19:30:00,0,913,0,328
2025-05-21 18:30:00,2025-05-21 19:00:00,0,968,0,383
2025-05-21 18:00:00,2025-05-21 18:30:00,0,1138,0,464
2025-05-21 17:30:00,2025-05-21 18:00:00,0,1085,0,439
2025-05-21 17:00:00,2025-05-21 17:30:00,0,1039,0,420
2025-05-21 16:30:00,2025-05-21 17:00:00,0,1031,0,419
2025-05-21 16:00:00,2025-05-21 16:30:00,0,1351,0,578
2025-05-21 15:30:00,2025-05-21 16:00:00,0,1377,0,573
2025-05-21 15:00:00,2025-05-21 15:30:00,0,1311,0,556
2025-05-21 14:30:00,2025-05-21 15:00:00,0,1217,0,519
2025-05-21 14:00:00,2025-05-21 14:30:00,0,965,0,379
2025-05-21 13:30:00,2025-05-21 14:00:00,0,979,0,374
2025-05-21 13:00:00,2025-05-21 13:30:00,0,1064,0,427
2025-05-21 12:30:00,2025-05-21 13:00:00,0,1123,0,463
2025-05-21 12:00:00,2025-05-21 12:30:00,0,1164,0,482
2025-05-21 11:30:00,2025-05-21 12:00:00,0,1098,0,465
2025-05-21 11:00:00,2025-05-21 11:30:00,0,991,0,412
2025-05-21 10:30:00,2025-05-21 11:00:00,0,936,0,353
2025-05-21 10:00:00,2025-05-21 10:30:00,0,892,0,330
2025-05-21 09:30:00,2025-05-21 10:00:00,0,938,0,370
2025-05-21 09:00:00,2025-05-21 09:30:00,0,1172,0,467
2025-05-21 08:30:00,2025-05-21 09:00:00,0,1159,0,488
2025-05-21 08:00:00,2025-05-21 08:30:00,0,1065,0,431
2025-05-21 07:30:00,2025-05-21 08:00:00,0,1184,0,482
2025-05-21 07:00:00,2025-05-21 07:30:00,0,931,0,350
2025-05-21 06:30:00,2025-05-21 07:00:00,0,974,0,388
2025-05-21 06:00:00,2025-05-21 06:30:00,0,977,0,387
2025-05-21 05:30:00,2025-05-21 06:00:00,0,1290,0,549
2025-05-21 05:00:00,2025-05-21 05:30:00,0,1382,0,593
2025-05-21 04:30:00,2025-05-21 05:00:00,0,1110,0,445
2025-05-21 04:00:00,2025-05-21 04:30:00,0,984,0,393
2025-05-21 03:30:00,2025-05-21 04:00:00,0,956,0,387
2025-05-21 03:00:00,2025-05-21 03:30:00,0,973,0,387
2025-05-21 02:30:00,2025-05-21 03:00:00,0,1025,0,408
2025-05-21 02:00:00,2025-05-21 02:30:00,0,1051,0,415
2025-05-21 01:30:00,2025-05-21 02:00:00,0,1051,0,427
2025-05-21 01:00:00,2025-05-21 01:30:00,0,1067,0,423
2025-05-21 00:30:00,2025-05-21 01:00:00,0,984,0,409
2025-05-21 00:00:00,2025-05-21 00:30:00,0,1012,0,405
2025-05-20 23:30:00,2025-05-21 00:00:00,0,948,0,378
2025-05-20 23:00:00,2025-05-20 23:30:00,0,1084,0,444
2025-05-20 22:30:00,2025-05-20 23:00:00,0,1062,0,430
2025-05-20 22:00:00,2025-05-20 22:30:00,0,967,0,363
2025-05-20 21:30:00,2025-05-20 22:00:00,0,1011,0,386
2025-05-20 21:00:00,2025-05-20 21:30:00,0,991,0,380
2025-05-20 20:30:00,2025-05-20 21:00:00,0,983,0,376
2025-05-20 20:00:00,2025-05-20 20:30:00,0,1105,0,436
2025-05-20 19:30:00,2025-05-20 20:00:00,0,1130,0,445
2025-05-20 19:00:00,2025-05-20 19:30:00,0,1042,0,410
2025-05-20 18:30:00,2025-05-20 19:00:00,0,867,0,325
2025-05-20 18:00:00,2025-05-20 18:30:00,0,938,0,354
2025-05-20 17:30:00,2025-05-20 18:00:00,0,907,0,350
2025-05-20 17:00:00,2025-05-20 17:30:00,0,982,0,407
2025-05-20 16:30:00,2025-05-20 17:00:00,0,846,0,326
2025-05-20 16:00:00,2025-05-20 16:30:00,0,840,0,334
2025-05-20 15:30:00,2025-05-20 16:00:00,0,850,0,343
2025-05-20 15:00:00,2025-05-20 15:30:00,0,838,0,343
2025-05-20 14:30:00,2025-05-20 15:00:00,0,840,0,339
2025-05-20 14:00:00,2025-05-20 14:30:00,0,1061,0,446
2025-05-20 13:30:00,2025-05-20 14:00:00,0,1159,0,480
2025-05-20 13:00:00,2025-05-20 13:30:00,0,1153,0,466
2025-05-20 12:30:00,2025-05-20 13:00:00,0,978,0,386
2025-05-20 12:00:00,2025-05-20 12:30:00,0,957,0,399
2025-05-20 11:30:00,2025-05-20 12:00:00,0,1010,0,421
2025-05-20 11:00:00,2025-05-20 11:30:00,0,1114,0,452
2025-05-20 10:30:00,2025-05-20 11:00:00,0,986,0,407
2025-05-20 10:00:00,2025-05-20 10:30:00,0,1104,0,450
2025-05-20 09:30:00,2025-05-20 10:00:00,0,1145,0,485
2025-05-20 09:00:00,2025-05-20 09:30:00,0,1060,0,459
2025-05-20 08:30:00,2025-05-20 09:00:00,0,909,0,366
2025-05-20 08:00:00,2025-05-20 08:30:00,0,894,0,356
2025-05-20 07:30:00,2025-05-20 08:00:00,0,892,0,371
2025-05-20 07:00:00,2025-05-20 07:30:00,0,903,0,349
2025-05-20 06:30:00,2025-05-20 07:00:00,0,788,0,303
2025-05-20 06:00:00,2025-05-20 06:30:00,0,872,0,363
2025-05-20 05:30:00,2025-05-20 06:00:00,0,806,0,348
2025-05-20 05:00:00,2025-05-20 05:30:00,0,820,0,350
2025-05-20 04:30:00,2025-05-20 05:00:00,0,840,0,355
2025-05-20 04:00:00,2025-05-20 04:30:00,0,917,0,371
2025-05-20 03:30:00,2025-05-20 04:00:00,0,918,0,367
2025-05-20 03:00:00,2025-05-20 03:30:00,0,832,0,340
2025-05-20 02:30:00,2025-05-20 03:00:00,0,820,0,328
2025-05-20 02:00:00,2025-05-20 02:30:00,0,917,0,373
2025-05-20 01:30:00,2025-05-20 02:00:00,0,863,0,350
2025-05-20 01:00:00,2025-05-20 01:30:00,0,957,0,389
2025-05-20 00:30:00,2025-05-20 01:00:00,0,904,0,364
2025-05-20 00:00:00,2025-05-20 00:30:00,0,830,0,345
2025-05-19 23:30:00,2025-05-20 00:00:00,0,827,0,327
2025-05-19 23:00:00,2025-05-19 23:30:00,0,929,0,368
2025-05-19 22:30:00,2025-05-19 23:00:00,0,1115,0,446
2025-05-19 22:00:00,2025-05-19 22:30:00,0,969,0,371
2025-05-19 21:30:00,2025-05-19 22:00:00,0,867,0,337
2025-05-19 21:00:00,2025-05-19 21:30:00,0,867,0,347
2025-05-19 20:30:00,2025-05-19 21:00:00,0,999,0,414
2025-05-19 20:00:00,2025-05-19 20:30:00,0,1067,0,398
2025-05-19 19:30:00,2025-05-19 20:00:00,0,895,0,364
2025-05-19 19:00:00,2025-05-19 19:30:00,0,839,0,312
2025-05-19 18:30:00,2025-05-19 19:00:00,0,861,0,334
2025-05-19 18:00:00,2025-05-19 18:30:00,0,958,0,371
2025-05-19 17:30:00,2025-05-19 18:00:00,0,1003,0,400
2025-05-19 17:00:00,2025-05-19 17:30:00,0,1084,0,453
2025-05-19 16:30:00,2025-05-19 17:00:00,0,859,0,339
2025-05-19 16:00:00,2025-05-19 16:30:00,0,771,0,287
2025-05-19 15:30:00,2025-05-19 16:00:00,0,758,0,277
2025-05-19 15:00:00,2025-05-19 15:30:00,0,782,0,278
2025-05-19 14:30:00,2025-05-19 15:00:00,0,697,0,255
2025-05-19 14:00:00,2025-05-19 14:30:00,0,639,0,255
2025-05-19 13:30:00,2025-05-19 14:00:00,0,664,0,237
2025-05-19 13:00:00,2025-05-19 13:30:00,0,893,0,353
2025-05-19 12:30:00,2025-05-19 13:00:00,0,730,0,280
2025-05-19 12:00:00,2025-05-19 12:30:00,0,650,0,253
2025-05-19 11:30:00,2025-05-19 12:00:00,0,663,0,261
2025-05-19 11:00:00,2025-05-19 11:30:00,0,810,0,326
2025-05-19 10:30:00,2025-05-19 11:00:00,0,776,0,294
2025-05-19 10:00:00,2025-05-19 10:30:00,0,713,0,286
2025-05-19 09:30:00,2025-05-19 10:00:00,0,684,0,279
2025-05-19 09:00:00,2025-05-19 09:30:00,0,694,0,288
2025-05-19 08:30:00,2025-05-19 09:00:00,0,668,0,268
2025-05-19 08:00:00,2025-05-19 08:30:00,0,679,0,262
2025-05-19 07:30:00,2025-05-19 08:00:00,0,666,0,255
2025-05-19 07:00:00,2025-05-19 07:30:00,0,571,0,231
2025-05-19 06:30:00,2025-05-19 07:00:00,0,584,0,220
2025-05-19 06:00:00,2025-05-19 06:30:00,0,605,0,222
2025-05-19 05:30:00,2025-05-19 06:00:00,0,690,0,277
2025-05-19 05:00:00,2025-05-19 05:30:00,0,715,0,298
2025-05-19 04:30:00,2025-05-19 05:00:00,0,643,0,277
2025-05-19 04:00:00,2025-05-19 04:30:00,0,601,0,267
2025-05-19 03:30:00,2025-05-19 04:00:00,0,626,0,255
2025-05-19 03:00:00,2025-05-19 03:30:00,0,589,0,229
2025-05-19 02:30:00,2025-05-19 03:00:00,0,622,0,273
2025-05-19 02:00:00,2025-05-19 02:30:00,0,614,0,260
2025-05-19 01:30:00,2025-05-19 02:00:00,0,602,0,250
2025-05-19 01:00:00,2025-05-19 01:30:00,0,730,0,278
2025-05-19 00:30:00,2025-05-19 01:00:00,0,719,0,279
2025-05-19 00:00:00,2025-05-19 00:30:00,0,691,0,282
2025-05-18 23:30:00,2025-05-19 00:00:00,0,575,0,193
2025-05-18 23:00:00,2025-05-18 23:30:00,0,582,0,196
2025-05-18 22:30:00,2025-05-18 23:00:00,0,577,0,197
2025-05-18 22:00:00,2025-05-18 22:30:00,0,627,0,217
2025-05-18 21:30:00,2025-05-18 22:00:00,0,704,0,265
2025-05-18 21:00:00,2025-05-18 21:30:00,0,670,0,250
2025-05-18 20:30:00,2025-05-18 21:00:00,0,640,0,251
2025-05-18 20:00:00,2025-05-18 20:30:00,0,606,0,252
2025-05-18 19:30:00,2025-05-18 20:00:00,0,582,0,232
2025-05-18 19:00:00,2025-05-18 19:30:00,0,587,0,250
2025-05-18 18:30:00,2025-05-18 19:00:00,0,532,0,224
2025-05-18 18:00:00,2025-05-18 18:30:00,0,602,0,271
2025-05-18 17:30:00,2025-05-18 18:00:00,0,577,0,252
2025-05-18 17:00:00,2025-05-18 17:30:00,0,647,0,263
2025-05-18 16:30:00,2025-05-18 17:00:00,0,585,0,270
2025-05-18 16:00:00,2025-05-18 16:30:00,0,625,0,257
2025-05-18 15:30:00,2025-05-18 16:00:00,0,668,0,292
2025-05-18 15:00:00,2025-05-18 15:30:00,0,705,0,281
2025-05-18 14:30:00,2025-05-18 15:00:00,0,836,0,335
2025-05-18 14:00:00,2025-05-18 14:30:00,0,725,0,294
2025-05-18 13:30:00,2025-05-18 14:00:00,0,596,0,240
2025-05-18 13:00:00,2025-05-18 13:30:00,0,600,0,229
2025-05-18 12:30:00,2025-05-18 13:00:00,0,620,0,250
2025-05-18 12:00:00,2025-05-18 12:30:00,0,591,0,227
2025-05-18 11:30:00,2025-05-18 12:00:00,0,622,0,246
2025-05-18 11:00:00,2025-05-18 11:30:00,0,635,0,241
2025-05-18 10:30:00,2025-05-18 11:00:00,0,754,0,308
2025-05-18 10:00:00,2025-05-18 10:30:00,0,814,0,350
2025-05-18 09:30:00,2025-05-18 10:00:00,0,633,0,257
2025-05-18 09:00:00,2025-05-18 09:30:00,0,639,0,268
2025-05-18 08:30:00,2025-05-18 09:00:00,0,745,0,292
2025-05-18 08:00:00,2025-05-18 08:30:00,0,838,0,349
2025-05-18 07:30:00,2025-05-18 08:00:00,0,727,0,280
2025-05-18 07:00:00,2025-05-18 07:30:00,0,643,0,269
2025-05-18 06:30:00,2025-05-18 07:00:00,0,591,0,234
2025-05-18 06:00:00,2025-05-18 06:30:00,0,669,0,269
2025-05-18 05:30:00,2025-05-18 06:00:00,0,838,0,356
2025-05-18 05:00:00,2025-05-18 05:30:00,0,759,0,302
2025-05-18 04:30:00,2025-05-18 05:00:00,0,630,0,249
2025-05-18 04:00:00,2025-05-18 04:30:00,0,615,0,239
2025-05-18 03:30:00,2025-05-18 04:00:00,0,592,0,234
2025-05-18 03:00:00,2025-05-18 03:30:00,0,644,0,287
2025-05-18 02:30:00,2025-05-18 03:00:00,0,752,0,305
2025-05-18 02:00:00,2025-05-18 02:30:00,0,846,0,363
2025-05-18 01:30:00,2025-05-18 02:00:00,0,639,0,256
2025-05-18 01:00:00,2025-05-18 01:30:00,0,618,0,259
2025-05-18 00:30:00,2025-05-18 01:00:00,0,678,0,269
2025-05-18 00:00:00,2025-05-18 00:30:00,0,779,0,322
2025-05-17 23:30:00,2025-05-18 00:00:00,0,817,0,336
2025-05-17 23:00:00,2025-05-17 23:30:00,0,629,0,273
2025-05-17 22:30:00,2025-05-17 23:00:00,0,627,0,265
2025-05-17 22:00:00,2025-05-17 22:30:00,0,639,0,252
2025-05-17 21:30:00,2025-05-17 22:00:00,0,747,0,296
2025-05-17 21:00:00,2025-05-17 21:30:00,0,806,0,318
2025-05-17 20:30:00,2025-05-17 21:00:00,0,911,0,381
2025-05-17 20:00:00,2025-05-17 20:30:00,0,744,0,306
2025-05-17 19:30:00,2025-05-17 20:00:00,0,633,0,249
2025-05-17 19:00:00,2025-05-17 19:30:00,0,614,0,256
2025-05-17 18:30:00,2025-05-17 19:00:00,0,623,0,247
2025-05-17 18:00:00,2025-05-17 18:30:00,0,800,0,320
2025-05-17 17:30:00,2025-05-17 18:00:00,0,715,0,295
2025-05-17 17:00:00,2025-05-17 17:30:00,0,564,0,212
2025-05-17 16:30:00,2025-05-17 17:00:00,0,611,0,254
2025-05-17 16:00:00,2025-05-17 16:30:00,0,664,0,267
2025-05-17 15:30:00,2025-05-17 16:00:00,0,717,0,296
2025-05-17 15:00:00,2025-05-17 15:30:00,0,538,0,216
2025-05-17 14:30:00,2025-05-17 15:00:00,0,568,0,225
2025-05-17 14:00:00,2025-05-17 14:30:00,0,553,0,226
2025-05-17 13:30:00,2025-05-17 14:00:00,0,539,0,191
2025-05-17 13:00:00,2025-05-17 13:30:00,0,589,0,235
2025-05-17 12:30:00,2025-05-17 13:00:00,0,614,0,262
2025-05-17 12:00:00,2025-05-17 12:30:00,0,672,0,281
2025-05-17 11:30:00,2025-05-17 12:00:00,0,641,0,260
2025-05-17 11:00:00,2025-05-17 11:30:00,0,640,0,260
2025-05-17 10:30:00,2025-05-17 11:00:00,0,644,0,242
2025-05-17 10:00:00,2025-05-17 10:30:00,0,608,0,225
2025-05-17 09:30:00,2025-05-17 10:00:00,0,668,0,261
2025-05-17 09:00:00,2025-05-17 09:30:00,0,675,0,275
2025-05-17 08:30:00,2025-05-17 09:00:00,0,691,0,278
2025-05-17 08:00:00,2025-05-17 08:30:00,0,759,0,310
2025-05-17 07:30:00,2025-05-17 08:00:00,0,746,0,310
2025-05-17 07:00:00,2025-05-17 07:30:00,0,670,0,251
2025-05-17 06:30:00,2025-05-17 07:00:00,0,649,0,248
2025-05-17 06:00:00,2025-05-17 06:30:00,0,722,0,271
2025-05-17 05:30:00,2025-05-17 06:00:00,0,723,0,287
2025-05-17 05:00:00,2025-05-17 05:30:00,0,707,0,294
2025-05-17 04:30:00,2025-05-17 05:00:00,0,776,0,342
2025-05-17 04:00:00,2025-05-17 04:30:00,0,615,0,234
2025-05-17 03:30:00,2025-05-17 04:00:00,0,657,0,274
2025-05-17 03:00:00,2025-05-17 03:30:00,0,665,0,246
2025-05-17 02:30:00,2025-05-17 03:00:00,0,665,0,254
2025-05-17 02:00:00,2025-05-17 02:30:00,0,766,0,304
2025-05-17 01:30:00,2025-05-17 02:00:00,0,736,0,296
2025-05-17 01:00:00,2025-05-17 01:30:00,0,605,0,252
2025-05-17 00:30:00,2025-05-17 01:00:00,0,659,0,266
2025-05-17 00:00:00,2025-05-17 00:30:00,0,634,0,251
2025-05-16 23:30:00,2025-05-17 00:00:00,0,689,0,275
2025-05-16 23:00:00,2025-05-16 23:30:00,0,715,0,283
2025-05-16 22:30:00,2025-05-16 23:00:00,0,657,0,243
2025-05-16 22:00:00,2025-05-16 22:30:00,0,749,0,308
2025-05-16 21:30:00,2025-05-16 22:00:00,0,617,0,228
2025-05-16 21:00:00,2025-05-16 21:30:00,0,588,0,239
2025-05-16 20:30:00,2025-05-16 21:00:00,0,592,0,221
2025-05-16 20:00:00,2025-05-16 20:30:00,0,577,0,226
2025-05-16 19:30:00,2025-05-16 20:00:00,0,589,0,229
2025-05-16 19:00:00,2025-05-16 19:30:00,0,560,0,211
2025-05-16 18:30:00,2025-05-16 19:00:00,0,593,0,235
2025-05-16 18:00:00,2025-05-16 18:30:00,0,514,0,214
2025-05-16 17:30:00,2025-05-16 18:00:00,0,558,0,228
2025-05-16 17:00:00,2025-05-16 17:30:00,0,586,0,238
2025-05-16 16:30:00,2025-05-16 17:00:00,0,571,0,240
2025-05-16 16:00:00,2025-05-16 16:30:00,0,561,0,241
2025-05-16 15:30:00,2025-05-16 16:00:00,0,605,0,241
2025-05-16 15:00:00,2025-05-16 15:30:00,0,655,0,261
2025-05-16 14:30:00,2025-05-16 15:00:00,0,650,0,268
2025-05-16 14:00:00,2025-05-16 14:30:00,0,670,0,280
2025-05-16 13:30:00,2025-05-16 14:00:00,0,619,0,254
2025-05-16 13:00:00,2025-05-16 13:30:00,0,621,0,255
2025-05-16 12:30:00,2025-05-16 13:00:00,0,666,0,281
2025-05-16 12:00:00,2025-05-16 12:30:00,0,661,0,260
2025-05-16 11:30:00,2025-05-16 12:00:00,0,691,0,274
2025-05-16 11:00:00,2025-05-16 11:30:00,0,707,0,278
2025-05-16 10:30:00,2025-05-16 11:00:00,0,624,0,233
2025-05-16 10:00:00,2025-05-16 10:30:00,0,768,0,326
2025-05-16 09:30:00,2025-05-16 10:00:00,0,639,0,260
2025-05-16 09:00:00,2025-05-16 09:30:00,0,650,0,264
2025-05-16 08:30:00,2025-05-16 09:00:00,0,700,0,274
2025-05-16 08:00:00,2025-05-16 08:30:00,0,683,0,254
2025-05-16 07:30:00,2025-05-16 08:00:00,0,756,0,316
2025-05-16 07:00:00,2025-05-16 07:30:00,0,783,0,323
2025-05-16 06:30:00,2025-05-16 07:00:00,0,659,0,268
2025-05-16 06:00:00,2025-05-16 06:30:00,0,652,0,266
2025-05-16 05:30:00,2025-05-16 06:00:00,0,645,0,273
2025-05-16 05:00:00,2025-05-16 05:30:00,0,660,0,275
2025-05-16 04:30:00,2025-05-16 05:00:00,0,673,0,283
2025-05-16 04:00:00,2025-05-16 04:30:00,0,757,0,321
2025-05-16 03:30:00,2025-05-16 04:00:00,0,659,0,271
2025-05-16 03:00:00,2025-05-16 03:30:00,0,766,0,321
2025-05-16 02:30:00,2025-05-16 03:00:00,0,693,0,290
2025-05-16 02:00:00,2025-05-16 02:30:00,0,674,0,283
2025-05-16 01:30:00,2025-05-16 02:00:00,0,671,0,280
2025-05-16 01:00:00,2025-05-16 01:30:00,0,732,0,266
2025-05-16 00:30:00,2025-05-16 01:00:00,0,729,0,290
2025-05-16 00:00:00,2025-05-16 00:30:00,0,698,0,267
2025-05-15 23:30:00,2025-05-16 00:00:00,0,756,0,299
2025-05-15 23:00:00,2025-05-15 23:30:00,0,803,0,350
2025-05-15 22:30:00,2025-05-15 23:00:00,0,671,0,274
2025-05-15 22:00:00,2025-05-15 22:30:00,0,685,0,289
2025-05-15 21:30:00,2025-05-15 22:00:00,0,737,0,294
2025-05-15 21:00:00,2025-05-15 21:30:00,0,720,0,274
2025-05-15 20:30:00,2025-05-15 21:00:00,0,813,0,326
2025-05-15 20:00:00,2025-05-15 20:30:00,0,711,0,280
2025-05-15 19:30:00,2025-05-15 20:00:00,0,627,0,265
2025-05-15 19:00:00,2025-05-15 19:30:00,0,577,0,241
2025-05-15 18:30:00,2025-05-15 19:00:00,0,665,0,283
2025-05-15 18:00:00,2025-05-15 18:30:00,0,807,0,318
2025-05-15 17:30:00,2025-05-15 18:00:00,0,740,0,294
2025-05-15 17:00:00,2025-05-15 17:30:00,0,636,0,259
2025-05-15 16:30:00,2025-05-15 17:00:00,0,625,0,245
2025-05-15 16:00:00,2025-05-15 16:30:00,0,780,0,328
2025-05-15 15:30:00,2025-05-15 16:00:00,0,840,0,351
2025-05-15 15:00:00,2025-05-15 15:30:00,0,758,0,290
2025-05-15 14:30:00,2025-05-15 15:00:00,0,647,0,237
2025-05-15 14:00:00,2025-05-15 14:30:00,0,658,0,252
2025-05-15 13:30:00,2025-05-15 14:00:00,0,650,0,234
2025-05-15 13:00:00,2025-05-15 13:30:00,0,673,0,246
2025-05-15 12:30:00,2025-05-15 13:00:00,0,812,0,343
2025-05-15 12:00:00,2025-05-15 12:30:00,0,788,0,309
2025-05-15 11:30:00,2025-05-15 12:00:00,0,630,0,242
2025-05-15 11:00:00,2025-05-15 11:30:00,0,647,0,266
2025-05-15 10:30:00,2025-05-15 11:00:00,0,739,0,303
2025-05-15 10:00:00,2025-05-15 10:30:00,0,823,0,325
2025-05-15 09:30:00,2025-05-15 10:00:00,0,655,0,265
2025-05-15 09:00:00,2025-05-15 09:30:00,0,663,0,277
2025-05-15 08:30:00,2025-05-15 09:00:00,0,696,0,279
2025-05-15 08:00:00,2025-05-15 08:30:00,0,705,0,285
2025-05-15 07:30:00,2025-05-15 08:00:00,0,701,0,272
2025-05-15 07:00:00,2025-05-15 07:30:00,0,655,0,253
2025-05-15 06:30:00,2025-05-15 07:00:00,0,678,0,300
2025-05-15 06:00:00,2025-05-15 06:30:00,0,663,0,263
2025-05-15 05:30:00,2025-05-15 06:00:00,0,734,0,305
2025-05-15 05:00:00,2025-05-15 05:30:00,0,803,0,324
2025-05-15 04:30:00,2025-05-15 05:00:00,0,873,0,355
2025-05-15 04:00:00,2025-05-15 04:30:00,0,663,0,277
2025-05-15 03:30:00,2025-05-15 04:00:00,0,698,0,290
2025-05-15 03:00:00,2025-05-15 03:30:00,0,774,0,316
2025-05-15 02:30:00,2025-05-15 03:00:00,0,899,0,383
2025-05-15 02:00:00,2025-05-15 02:30:00,0,762,0,326
2025-05-15 01:30:00,2025-05-15 02:00:00,0,668,0,293
2025-05-15 01:00:00,2025-05-15 01:30:00,0,729,0,282
2025-05-15 00:30:00,2025-05-15 01:00:00,0,882,0,357
2025-05-15 00:00:00,2025-05-15 00:30:00,0,869,0,351
2025-05-14 23:30:00,2025-05-15 00:00:00,0,696,0,293
2025-05-14 23:00:00,2025-05-14 23:30:00,0,737,0,314
2025-05-14 22:30:00,2025-05-14 23:00:00,0,765,0,321
2025-05-14 22:00:00,2025-05-14 22:30:00,0,917,0,402
2025-05-14 21:30:00,2025-05-14 22:00:00,0,769,0,320
2025-05-14 21:00:00,2025-05-14 21:30:00,0,702,0,281
2025-05-14 20:30:00,2025-05-14 21:00:00,0,678,0,273
2025-05-14 20:00:00,2025-05-14 20:30:00,0,835,0,328
2025-05-14 19:30:00,2025-05-14 20:00:00,0,850,0,352
2025-05-14 19:00:00,2025-05-14 19:30:00,0,665,0,272
2025-05-14 18:30:00,2025-05-14 19:00:00,0,641,0,266
2025-05-14 18:00:00,2025-05-14 18:30:00,0,688,0,268
2025-05-14 17:30:00,2025-05-14 18:00:00,0,793,0,333
2025-05-14 17:00:00,2025-05-14 17:30:00,0,918,0,395
2025-05-14 16:30:00,2025-05-14 17:00:00,0,740,0,287
2025-05-14 16:00:00,2025-05-14 16:30:00,0,735,0,289
2025-05-14 15:30:00,2025-05-14 16:00:00,0,775,0,288
2025-05-14 15:00:00,2025-05-14 15:30:00,0,928,0,383
2025-05-14 14:30:00,2025-05-14 15:00:00,0,819,0,318
2025-05-14 14:00:00,2025-05-14 14:30:00,0,679,0,256
2025-05-14 13:30:00,2025-05-14 14:00:00,0,677,0,275
2025-05-14 13:00:00,2025-05-14 13:30:00,0,658,0,249
2025-05-14 12:30:00,2025-05-14 13:00:00,0,761,0,307
2025-05-14 12:00:00,2025-05-14 12:30:00,0,882,0,383
2025-05-14 11:30:00,2025-05-14 12:00:00,0,771,0,312
2025-05-14 11:00:00,2025-05-14 11:30:00,0,649,0,253
2025-05-14 10:30:00,2025-05-14 11:00:00,0,684,0,266
2025-05-14 10:00:00,2025-05-14 10:30:00,0,653,0,244
2025-05-14 09:30:00,2025-05-14 10:00:00,0,697,0,270
2025-05-14 09:00:00,2025-05-14 09:30:00,0,813,0,348
2025-05-14 08:30:00,2025-05-14 09:00:00,0,856,0,369
2025-05-14 08:00:00,2025-05-14 08:30:00,0,678,0,253
2025-05-14 07:30:00,2025-05-14 08:00:00,0,641,0,246
2025-05-14 07:00:00,2025-05-14 07:30:00,0,605,0,239
2025-05-14 06:30:00,2025-05-14 07:00:00,0,613,0,248
2025-05-14 06:00:00,2025-05-14 06:30:00,0,624,0,252
2025-05-14 05:30:00,2025-05-14 06:00:00,0,605,0,250
2025-05-14 05:00:00,2025-05-14 05:30:00,0,565,0,251
2025-05-14 04:30:00,2025-05-14 05:00:00,0,554,0,236
2025-05-14 04:00:00,2025-05-14 04:30:00,0,628,0,235
2025-05-14 03:30:00,2025-05-14 04:00:00,0,732,0,292
2025-05-14 03:00:00,2025-05-14 03:30:00,0,619,0,231
2025-05-14 02:30:00,2025-05-14 03:00:00,0,463,0,189
2025-05-14 02:00:00,2025-05-14 02:30:00,0,564,0,233
2025-05-14 01:30:00,2025-05-14 02:00:00,0,595,0,224
2025-05-14 01:00:00,2025-05-14 01:30:00,0,705,0,294
2025-05-14 00:30:00,2025-05-14 01:00:00,0,571,0,240
2025-05-14 00:00:00,2025-05-14 00:30:00,0,492,0,196
2025-05-13 23:30:00,2025-05-14 00:00:00,0,484,0,201
2025-05-13 23:00:00,2025-05-13 23:30:00,0,479,0,197
2025-05-13 22:30:00,2025-05-13 23:00:00,0,465,0,193
2025-05-13 22:00:00,2025-05-13 22:30:00,0,548,0,222
2025-05-13 21:30:00,2025-05-13 22:00:00,0,640,0,255
2025-05-13 21:00:00,2025-05-13 21:30:00,0,437,0,188
2025-05-13 20:30:00,2025-05-13 21:00:00,0,373,0,140
2025-05-13 20:00:00,2025-05-13 20:30:00,0,352,0,145
2025-05-13 19:30:00,2025-05-13 20:00:00,0,339,0,133
2025-05-13 19:00:00,2025-05-13 19:30:00,0,326,0,124
2025-05-13 18:30:00,2025-05-13 19:00:00,0,318,0,110
2025-05-13 18:00:00,2025-05-13 18:30:00,0,332,0,113
2025-05-13 17:30:00,2025-05-13 18:00:00,0,343,0,117
2025-05-13 17:00:00,2025-05-13 17:30:00,0,363,0,127
2025-05-13 16:30:00,2025-05-13 17:00:00,0,361,0,125
2025-05-13 16:00:00,2025-05-13 16:30:00,0,347,0,118
2025-05-13 15:30:00,2025-05-13 16:00:00,0,338,0,116
2025-05-13 15:00:00,2025-05-13 15:30:00,0,341,0,118
2025-05-13 14:30:00,2025-05-13 15:00:00,0,341,0,117
2025-05-13 14:00:00,2025-05-13 14:30:00,0,347,0,115
2025-05-13 13:30:00,2025-05-13 14:00:00,0,338,0,111
2025-05-13 13:00:00,2025-05-13 13:30:00,0,342,0,115
2025-05-13 12:30:00,2025-05-13 13:00:00,0,345,0,117
2025-05-13 12:00:00,2025-05-13 12:30:00,0,340,0,115
2025-05-13 11:30:00,2025-05-13 12:00:00,0,337,0,112
2025-05-13 11:00:00,2025-05-13 11:30:00,0,342,0,114
2025-05-13 10:30:00,2025-05-13 11:00:00,0,334,0,113
2025-05-13 10:00:00,2025-05-13 10:30:00,0,332,0,116
2025-05-13 09:30:00,2025-05-13 10:00:00,0,337,0,120
2025-05-13 09:00:00,2025-05-13 09:30:00,0,343,0,130
2025-05-13 08:30:00,2025-05-13 09:00:00,0,315,0,116
2025-05-13 08:00:00,2025-05-13 08:30:00,0,237,0,74
2025-05-13 07:30:00,2025-05-13 08:00:00,0,211,0,70
2025-05-13 07:00:00,2025-05-13 07:30:00,0,145,0,53
2025-05-13 06:30:00,2025-05-13 07:00:00,0,110,0,49
2025-05-13 06:00:00,2025-05-13 06:30:00,0,104,0,52
2025-05-13 05:30:00,2025-05-13 06:00:00,0,108,0,55
2025-05-13 05:00:00,2025-05-13 05:30:00,0,107,0,56
2025-05-13 04:30:00,2025-05-13 05:00:00,0,108,0,56
2025-05-13 04:00:00,2025-05-13 04:30:00,0,104,0,54
2025-05-13 03:30:00,2025-05-13 04:00:00,0,104,0,56
2025-05-13 03:00:00,2025-05-13 03:30:00,0,103,0,57
2025-05-13 02:30:00,2025-05-13 03:00:00,0,104,0,59
2025-05-13 02:00:00,2025-05-13 02:30:00,0,101,0,58
2025-05-13 01:30:00,2025-05-13 02:00:00,0,101,0,55
2025-05-13 01:00:00,2025-05-13 01:30:00,0,101,0,55
2025-05-13 00:30:00,2025-05-13 01:00:00,0,103,0,58
2025-05-13 00:00:00,2025-05-13 00:30:00,0,104,0,58
2025-05-12 23:30:00,2025-05-13 00:00:00,0,103,0,58
2025-05-12 23:00:00,2025-05-12 23:30:00,0,104,0,57
2025-05-12 22:30:00,2025-05-12 23:00:00,0,102,0,56
2025-05-12 22:00:00,2025-05-12 22:30:00,0,101,0,54
2025-05-12 21:30:00,2025-05-12 22:00:00,0,100,0,56
2025-05-12 21:00:00,2025-05-12 21:30:00,0,95,0,53
2025-05-12 20:30:00,2025-05-12 21:00:00,0,97,0,49
2025-05-12 20:00:00,2025-05-12 20:30:00,0,95,0,48
2025-05-12 19:30:00,2025-05-12 20:00:00,0,92,0,48
2025-05-12 19:00:00,2025-05-12 19:30:00,0,91,0,50
2025-05-12 18:30:00,2025-05-12 19:00:00,0,86,0,46
2025-05-12 18:00:00,2025-05-12 18:30:00,0,85,0,48
2025-05-12 17:30:00,2025-05-12 18:00:00,0,87,0,46
2025-05-12 17:00:00,2025-05-12 17:30:00,0,91,0,47
2025-05-12 16:30:00,2025-05-12 17:00:00,0,89,0,45
2025-05-12 16:00:00,2025-05-12 16:30:00,0,91,0,46
2025-05-12 15:30:00,2025-05-12 16:00:00,0,90,0,46
2025-05-12 15:00:00,2025-05-12 15:30:00,0,89,0,45
2025-05-12 14:30:00,2025-05-12 15:00:00,0,91,0,44
2025-05-12 14:00:00,2025-05-12 14:30:00,0,91,0,46
2025-05-12 13:30:00,2025-05-12 14:00:00,0,91,0,44
2025-05-12 13:00:00,2025-05-12 13:30:00,0,92,0,44
2025-05-12 12:30:00,2025-05-12 13:00:00,0,93,0,45
2025-05-12 12:00:00,2025-05-12 12:30:00,0,104,0,44
2025-05-12 11:30:00,2025-05-12 12:00:00,0,106,0,43
2025-05-12 11:00:00,2025-05-12 11:30:00,0,104,0,41
2025-05-12 10:30:00,2025-05-12 11:00:00,0,123,0,44
2025-05-12 10:00:00,2025-05-12 10:30:00,0,178,0,58
2025-05-12 09:30:00,2025-05-12 10:00:00,0,180,0,58
2025-05-12 09:00:00,2025-05-12 09:30:00,0,181,0,60
2025-05-12 08:30:00,2025-05-12 09:00:00,0,174,0,60
2025-05-12 08:00:00,2025-05-12 08:30:00,0,169,0,64
2025-05-12 07:30:00,2025-05-12 08:00:00,0,169,0,65
2025-05-12 07:00:00,2025-05-12 07:30:00,0,170,0,64
2025-05-12 06:30:00,2025-05-12 07:00:00,0,187,0,74
2025-05-12 06:00:00,2025-05-12 06:30:00,0,195,0,77
2025-05-12 05:30:00,2025-05-12 06:00:00,0,246,0,106
2025-05-12 05:00:00,2025-05-12 05:30:00,0,307,0,123
2025-05-12 04:30:00,2025-05-12 05:00:00,0,323,0,120
2025-05-12 04:00:00,2025-05-12 04:30:00,0,392,0,157
2025-05-12 03:30:00,2025-05-12 04:00:00,0,472,0,215
2025-05-12 03:00:00,2025-05-12 03:30:00,0,442,0,192
2025-05-12 02:30:00,2025-05-12 03:00:00,0,482,0,215
2025-05-12 02:00:00,2025-05-12 02:30:00,0,461,0,198
2025-05-12 01:30:00,2025-05-12 02:00:00,0,532,0,221
2025-05-12 01:00:00,2025-05-12 01:30:00,0,531,0,215
2025-05-12 00:30:00,2025-05-12 01:00:00,0,551,0,230
2025-05-12 00:00:00,2025-05-12 00:30:00,0,608,0,233
2025-05-11 23:30:00,2025-05-12 00:00:00,0,633,0,253
2025-05-11 23:00:00,2025-05-11 23:30:00,0,640,0,259
2025-05-11 22:30:00,2025-05-11 23:00:00,0,633,0,241
2025-05-11 22:00:00,2025-05-11 22:30:00,0,624,0,260
2025-05-11 21:30:00,2025-05-11 22:00:00,0,625,0,242
2025-05-11 21:00:00,2025-05-11 21:30:00,0,706,0,261
2025-05-11 20:30:00,2025-05-11 21:00:00,0,795,0,308
2025-05-11 20:00:00,2025-05-11 20:30:00,0,644,0,243
2025-05-11 19:30:00,2025-05-11 20:00:00,0,601,0,238
2025-05-11 19:00:00,2025-05-11 19:30:00,0,670,0,265
2025-05-11 18:30:00,2025-05-11 19:00:00,0,784,0,315
2025-05-11 18:00:00,2025-05-11 18:30:00,0,691,0,267
2025-05-11 17:30:00,2025-05-11 18:00:00,0,639,0,238
2025-05-11 17:00:00,2025-05-11 17:30:00,0,681,0,264
2025-05-11 16:30:00,2025-05-11 17:00:00,0,676,0,260
2025-05-11 16:00:00,2025-05-11 16:30:00,0,698,0,264
2025-05-11 15:30:00,2025-05-11 16:00:00,0,688,0,264
2025-05-11 15:00:00,2025-05-11 15:30:00,0,704,0,280
2025-05-11 14:30:00,2025-05-11 15:00:00,0,688,0,254
2025-05-11 14:00:00,2025-05-11 14:30:00,0,781,0,330
2025-05-11 13:30:00,2025-05-11 14:00:00,0,888,0,359
2025-05-11 13:00:00,2025-05-11 13:30:00,0,797,0,331
2025-05-11 12:30:00,2025-05-11 13:00:00,0,675,0,271
2025-05-11 12:00:00,2025-05-11 12:30:00,0,652,0,246
2025-05-11 11:30:00,2025-05-11 12:00:00,0,747,0,274
2025-05-11 11:00:00,2025-05-11 11:30:00,0,830,0,328
2025-05-11 10:30:00,2025-05-11 11:00:00,0,888,0,337
2025-05-11 10:00:00,2025-05-11 10:30:00,0,766,0,310
2025-05-11 09:30:00,2025-05-11 10:00:00,0,698,0,294
2025-05-11 09:00:00,2025-05-11 09:30:00,0,781,0,315
2025-05-11 08:30:00,2025-05-11 09:00:00,0,894,0,364
2025-05-11 08:00:00,2025-05-11 08:30:00,0,843,0,364
2025-05-11 07:30:00,2025-05-11 08:00:00,0,696,0,262
2025-05-11 07:00:00,2025-05-11 07:30:00,0,745,0,289
2025-05-11 06:30:00,2025-05-11 07:00:00,0,817,0,343
2025-05-11 06:00:00,2025-05-11 06:30:00,0,870,0,335
2025-05-11 05:30:00,2025-05-11 06:00:00,0,746,0,302
2025-05-11 05:00:00,2025-05-11 05:30:00,0,704,0,301
2025-05-11 04:30:00,2025-05-11 05:00:00,0,694,0,298
2025-05-11 04:00:00,2025-05-11 04:30:00,0,791,0,314
2025-05-11 03:30:00,2025-05-11 04:00:00,0,727,0,270
2025-05-11 03:00:00,2025-05-11 03:30:00,0,779,0,321
2025-05-11 02:30:00,2025-05-11 03:00:00,0,682,0,286
2025-05-11 02:00:00,2025-05-11 02:30:00,0,607,0,250
2025-05-11 01:30:00,2025-05-11 02:00:00,0,613,0,249
2025-05-11 01:00:00,2025-05-11 01:30:00,0,632,0,264
2025-05-11 00:30:00,2025-05-11 01:00:00,0,630,0,238
2025-05-11 00:00:00,2025-05-11 00:30:00,0,624,0,236
2025-05-10 23:30:00,2025-05-11 00:00:00,0,695,0,273
2025-05-10 23:00:00,2025-05-10 23:30:00,0,628,0,239
2025-05-10 22:30:00,2025-05-10 23:00:00,0,636,0,263
2025-05-10 22:00:00,2025-05-10 22:30:00,0,759,0,305
2025-05-10 21:30:00,2025-05-10 22:00:00,0,685,0,270
2025-05-10 21:00:00,2025-05-10 21:30:00,0,588,0,226
2025-05-10 20:30:00,2025-05-10 21:00:00,0,576,0,231
2025-05-10 20:00:00,2025-05-10 20:30:00,0,736,0,290
2025-05-10 19:30:00,2025-05-10 20:00:00,0,776,0,294
2025-05-10 19:00:00,2025-05-10 19:30:00,0,657,0,264
2025-05-10 18:30:00,2025-05-10 19:00:00,0,667,0,251
2025-05-10 18:00:00,2025-05-10 18:30:00,0,650,0,255
2025-05-10 17:30:00,2025-05-10 18:00:00,0,618,0,252
2025-05-10 17:00:00,2025-05-10 17:30:00,0,678,0,268
2025-05-10 16:30:00,2025-05-10 17:00:00,0,644,0,247
2025-05-10 16:00:00,2025-05-10 16:30:00,0,628,0,267
2025-05-10 15:30:00,2025-05-10 16:00:00,0,695,0,282
2025-05-10 15:00:00,2025-05-10 15:30:00,0,750,0,312
2025-05-10 14:30:00,2025-05-10 15:00:00,0,855,0,337
2025-05-10 14:00:00,2025-05-10 14:30:00,0,806,0,325
2025-05-10 13:30:00,2025-05-10 14:00:00,0,708,0,276
2025-05-10 13:00:00,2025-05-10 13:30:00,0,694,0,269
2025-05-10 12:30:00,2025-05-10 13:00:00,0,659,0,251
2025-05-10 12:00:00,2025-05-10 12:30:00,0,685,0,261
2025-05-10 11:30:00,2025-05-10 12:00:00,0,731,0,278
2025-05-10 11:00:00,2025-05-10 11:30:00,0,724,0,281
2025-05-10 10:30:00,2025-05-10 11:00:00,0,792,0,320
2025-05-10 10:00:00,2025-05-10 10:30:00,0,792,0,327
2025-05-10 09:30:00,2025-05-10 10:00:00,0,762,0,299
2025-05-10 09:00:00,2025-05-10 09:30:00,0,755,0,287
2025-05-10 08:30:00,2025-05-10 09:00:00,0,754,0,289
2025-05-10 08:00:00,2025-05-10 08:30:00,0,795,0,319
2025-05-10 07:30:00,2025-05-10 08:00:00,0,789,0,319
2025-05-10 07:00:00,2025-05-10 07:30:00,0,657,0,273
2025-05-10 06:30:00,2025-05-10 07:00:00,0,654,0,272
2025-05-10 06:00:00,2025-05-10 06:30:00,0,651,0,270
2025-05-10 05:30:00,2025-05-10 06:00:00,0,683,0,287
2025-05-10 05:00:00,2025-05-10 05:30:00,0,781,0,312
2025-05-10 04:30:00,2025-05-10 05:00:00,0,755,0,320
2025-05-10 04:00:00,2025-05-10 04:30:00,0,776,0,309
2025-05-10 03:30:00,2025-05-10 04:00:00,0,692,0,281
2025-05-10 03:00:00,2025-05-10 03:30:00,0,625,0,239
2025-05-10 02:30:00,2025-05-10 03:00:00,0,653,0,241
2025-05-10 02:00:00,2025-05-10 02:30:00,0,760,0,298
2025-05-10 01:30:00,2025-05-10 02:00:00,0,687,0,271
2025-05-10 01:00:00,2025-05-10 01:30:00,0,667,0,254
2025-05-10 00:30:00,2025-05-10 01:00:00,0,792,0,316
2025-05-10 00:00:00,2025-05-10 00:30:00,0,769,0,313
2025-05-09 23:30:00,2025-05-10 00:00:00,0,666,0,270
2025-05-09 23:00:00,2025-05-09 23:30:00,0,741,0,310
2025-05-09 22:30:00,2025-05-09 23:00:00,0,734,0,285
2025-05-09 22:00:00,2025-05-09 22:30:00,0,888,0,341
2025-05-09 21:30:00,2025-05-09 22:00:00,0,844,0,353
2025-05-09 21:00:00,2025-05-09 21:30:00,0,771,0,317
2025-05-09 20:30:00,2025-05-09 21:00:00,0,688,0,269
2025-05-09 20:00:00,2025-05-09 20:30:00,0,693,0,272
2025-05-09 19:30:00,2025-05-09 20:00:00,0,632,0,252
2025-05-09 19:00:00,2025-05-09 19:30:00,0,597,0,234
2025-05-09 18:30:00,2025-05-09 19:00:00,0,653,0,257
2025-05-09 18:00:00,2025-05-09 18:30:00,0,734,0,285
2025-05-09 17:30:00,2025-05-09 18:00:00,0,672,0,258
2025-05-09 17:00:00,2025-05-09 17:30:00,0,740,0,289
2025-05-09 16:30:00,2025-05-09 17:00:00,0,678,0,269
2025-05-09 16:00:00,2025-05-09 16:30:00,0,664,0,252
2025-05-09 15:30:00,2025-05-09 16:00:00,0,727,0,292
2025-05-09 15:00:00,2025-05-09 15:30:00,0,827,0,311
2025-05-09 14:30:00,2025-05-09 15:00:00,0,816,0,301
2025-05-09 14:00:00,2025-05-09 14:30:00,0,875,0,347
2025-05-09 13:30:00,2025-05-09 14:00:00,0,761,0,310
2025-05-09 13:00:00,2025-05-09 13:30:00,0,720,0,280
2025-05-09 12:30:00,2025-05-09 13:00:00,0,711,0,259
2025-05-09 12:00:00,2025-05-09 12:30:00,0,689,0,251
2025-05-09 11:30:00,2025-05-09 12:00:00,0,676,0,248
2025-05-09 11:00:00,2025-05-09 11:30:00,0,645,0,234
2025-05-09 10:30:00,2025-05-09 11:00:00,0,652,0,240
2025-05-09 10:00:00,2025-05-09 10:30:00,0,741,0,262
2025-05-09 09:30:00,2025-05-09 10:00:00,0,734,0,265
2025-05-09 09:00:00,2025-05-09 09:30:00,0,644,0,242
2025-05-09 08:30:00,2025-05-09 09:00:00,0,711,0,279
2025-05-09 08:00:00,2025-05-09 08:30:00,0,670,0,261
2025-05-09 07:30:00,2025-05-09 08:00:00,0,565,0,214
2025-05-09 07:00:00,2025-05-09 07:30:00,0,551,0,223
2025-05-09 06:30:00,2025-05-09 07:00:00,0,538,0,223
2025-05-09 06:00:00,2025-05-09 06:30:00,0,588,0,254
2025-05-09 05:30:00,2025-05-09 06:00:00,0,692,0,267
2025-05-09 05:00:00,2025-05-09 05:30:00,0,676,0,270
2025-05-09 04:30:00,2025-05-09 05:00:00,0,661,0,260
2025-05-09 04:00:00,2025-05-09 04:30:00,0,716,0,290
2025-05-09 03:30:00,2025-05-09 04:00:00,0,628,0,258
2025-05-09 03:00:00,2025-05-09 03:30:00,0,615,0,240
2025-05-09 02:30:00,2025-05-09 03:00:00,0,605,0,240
2025-05-09 02:00:00,2025-05-09 02:30:00,0,603,0,230
2025-05-09 01:30:00,2025-05-09 02:00:00,0,589,0,225
2025-05-09 01:00:00,2025-05-09 01:30:00,0,583,0,217
2025-05-09 00:30:00,2025-05-09 01:00:00,0,610,0,234
2025-05-09 00:00:00,2025-05-09 00:30:00,0,608,0,230
2025-05-08 23:30:00,2025-05-09 00:00:00,0,632,0,237
2025-05-08 23:00:00,2025-05-08 23:30:00,0,620,0,231
2025-05-08 22:30:00,2025-05-08 23:00:00,0,588,0,213
2025-05-08 22:00:00,2025-05-08 22:30:00,0,602,0,223
2025-05-08 21:30:00,2025-05-08 22:00:00,0,607,0,223
2025-05-08 21:00:00,2025-05-08 21:30:00,0,582,0,215
2025-05-08 20:30:00,2025-05-08 21:00:00,0,578,0,208
2025-05-08 20:00:00,2025-05-08 20:30:00,0,594,0,209
2025-05-08 19:30:00,2025-05-08 20:00:00,0,690,0,235
2025-05-08 19:00:00,2025-05-08 19:30:00,0,655,0,237
2025-05-08 18:30:00,2025-05-08 19:00:00,0,563,0,232
2025-05-08 18:00:00,2025-05-08 18:30:00,0,518,0,195
2025-05-08 17:30:00,2025-05-08 18:00:00,0,479,0,191
2025-05-08 17:00:00,2025-05-08 17:30:00,0,570,0,232
2025-05-08 16:30:00,2025-05-08 17:00:00,0,651,0,240
2025-05-08 16:00:00,2025-05-08 16:30:00,0,645,0,253
2025-05-08 15:30:00,2025-05-08 16:00:00,0,571,0,217
2025-05-08 15:00:00,2025-05-08 15:30:00,0,534,0,208
2025-05-08 14:30:00,2025-05-08 15:00:00,0,565,0,233
2025-05-08 14:00:00,2025-05-08 14:30:00,0,568,0,205
2025-05-08 13:30:00,2025-05-08 14:00:00,0,572,0,200
2025-05-08 13:00:00,2025-05-08 13:30:00,0,632,0,244
2025-05-08 12:30:00,2025-05-08 13:00:00,0,616,0,236
2025-05-08 12:00:00,2025-05-08 12:30:00,0,601,0,221
2025-05-08 11:30:00,2025-05-08 12:00:00,0,680,0,266
2025-05-08 11:00:00,2025-05-08 11:30:00,0,627,0,232
2025-05-08 10:30:00,2025-05-08 11:00:00,0,658,0,263
2025-05-08 10:00:00,2025-05-08 10:30:00,0,654,0,267
2025-05-08 09:30:00,2025-05-08 10:00:00,0,677,0,285
2025-05-08 09:00:00,2025-05-08 09:30:00,0,763,0,303
2025-05-08 08:30:00,2025-05-08 09:00:00,0,754,0,317
2025-05-08 08:00:00,2025-05-08 08:30:00,0,621,0,240
2025-05-08 07:30:00,2025-05-08 08:00:00,0,588,0,221
2025-05-08 07:00:00,2025-05-08 07:30:00,0,599,0,243
2025-05-08 06:30:00,2025-05-08 07:00:00,0,592,0,229
2025-05-08 06:00:00,2025-05-08 06:30:00,0,597,0,229
2025-05-08 05:30:00,2025-05-08 06:00:00,0,721,0,299
2025-05-08 05:00:00,2025-05-08 05:30:00,0,778,0,338
2025-05-08 04:30:00,2025-05-08 05:00:00,0,619,0,254
2025-05-08 04:00:00,2025-05-08 04:30:00,0,611,0,244
2025-05-08 03:30:00,2025-05-08 04:00:00,0,637,0,254
2025-05-08 03:00:00,2025-05-08 03:30:00,0,654,0,269
2025-05-08 02:30:00,2025-05-08 03:00:00,0,860,0,364
2025-05-08 02:00:00,2025-05-08 02:30:00,0,756,0,320
2025-05-08 01:30:00,2025-05-08 02:00:00,0,677,0,280
2025-05-08 01:00:00,2025-05-08 01:30:00,0,684,0,272
2025-05-08 00:30:00,2025-05-08 01:00:00,0,671,0,257
2025-05-08 00:00:00,2025-05-08 00:30:00,0,693,0,264
2025-05-07 23:30:00,2025-05-08 00:00:00,0,881,0,374
2025-05-07 23:00:00,2025-05-07 23:30:00,0,816,0,336
2025-05-07 22:30:00,2025-05-07 23:00:00,0,670,0,269
2025-05-07 22:00:00,2025-05-07 22:30:00,0,692,0,271
2025-05-07 21:30:00,2025-05-07 22:00:00,0,681,0,273
2025-05-07 21:00:00,2025-05-07 21:30:00,0,794,0,311
2025-05-07 20:30:00,2025-05-07 21:00:00,0,863,0,358
2025-05-07 20:00:00,2025-05-07 20:30:00,0,746,0,293
2025-05-07 19:30:00,2025-05-07 20:00:00,0,673,0,267
2025-05-07 19:00:00,2025-05-07 19:30:00,0,748,0,302
2025-05-07 18:30:00,2025-05-07 19:00:00,0,786,0,342
2025-05-07 18:00:00,2025-05-07 18:30:00,0,786,0,334
2025-05-07 17:30:00,2025-05-07 18:00:00,0,662,0,268
2025-05-07 17:00:00,2025-05-07 17:30:00,0,639,0,247
2025-05-07 16:30:00,2025-05-07 17:00:00,0,728,0,296
2025-05-07 16:00:00,2025-05-07 16:30:00,0,871,0,378
2025-05-07 15:30:00,2025-05-07 16:00:00,0,813,0,335
2025-05-07 15:00:00,2025-05-07 15:30:00,0,696,0,279
2025-05-07 14:30:00,2025-05-07 15:00:00,0,694,0,275
2025-05-07 14:00:00,2025-05-07 14:30:00,0,823,0,346
2025-05-07 13:30:00,2025-05-07 14:00:00,0,823,0,327
2025-05-07 13:00:00,2025-05-07 13:30:00,0,688,0,280
2025-05-07 12:30:00,2025-05-07 13:00:00,0,592,0,215
2025-05-07 12:00:00,2025-05-07 12:30:00,0,590,0,232
2025-05-07 11:30:00,2025-05-07 12:00:00,0,622,0,244
2025-05-07 11:00:00,2025-05-07 11:30:00,0,593,0,221
2025-05-07 10:30:00,2025-05-07 11:00:00,0,619,0,236
2025-05-07 10:00:00,2025-05-07 10:30:00,0,709,0,280
2025-05-07 09:30:00,2025-05-07 10:00:00,0,701,0,290
2025-05-07 09:00:00,2025-05-07 09:30:00,0,666,0,280
2025-05-07 08:30:00,2025-05-07 09:00:00,0,623,0,246
2025-05-07 08:00:00,2025-05-07 08:30:00,0,736,0,295
2025-05-07 07:30:00,2025-05-07 08:00:00,0,730,0,301
2025-05-07 07:00:00,2025-05-07 07:30:00,0,698,0,302
2025-05-07 06:30:00,2025-05-07 07:00:00,0,642,0,274
2025-05-07 06:00:00,2025-05-07 06:30:00,0,681,0,291
2025-05-07 05:30:00,2025-05-07 06:00:00,0,666,0,277
2025-05-07 05:00:00,2025-05-07 05:30:00,0,652,0,278
2025-05-07 04:30:00,2025-05-07 05:00:00,0,675,0,295
2025-05-07 04:00:00,2025-05-07 04:30:00,0,692,0,299
2025-05-07 03:30:00,2025-05-07 04:00:00,0,746,0,308
2025-05-07 03:00:00,2025-05-07 03:30:00,0,698,0,311
2025-05-07 02:30:00,2025-05-07 03:00:00,0,624,0,288
2025-05-07 02:00:00,2025-05-07 02:30:00,0,668,0,285
2025-05-07 01:30:00,2025-05-07 02:00:00,0,711,0,277
2025-05-07 01:00:00,2025-05-07 01:30:00,0,783,0,308
2025-05-07 00:30:00,2025-05-07 01:00:00,0,802,0,345
2025-05-07 00:00:00,2025-05-07 00:30:00,0,641,0,270
2025-05-06 23:30:00,2025-05-07 00:00:00,0,680,0,280
2025-05-06 23:00:00,2025-05-06 23:30:00,0,735,0,286
2025-05-06 22:30:00,2025-05-06 23:00:00,0,665,0,275
2025-05-06 22:00:00,2025-05-06 22:30:00,0,644,0,268
2025-05-06 21:30:00,2025-05-06 22:00:00,0,694,0,288
2025-05-06 21:00:00,2025-05-06 21:30:00,0,694,0,278
2025-05-06 20:30:00,2025-05-06 21:00:00,0,761,0,301
2025-05-06 20:00:00,2025-05-06 20:30:00,0,700,0,278
2025-05-06 19:30:00,2025-05-06 20:00:00,0,601,0,239
2025-05-06 19:00:00,2025-05-06 19:30:00,0,708,0,284
2025-05-06 18:30:00,2025-05-06 19:00:00,0,679,0,293
2025-05-06 18:00:00,2025-05-06 18:30:00,0,716,0,302
2025-05-06 17:30:00,2025-05-06 18:00:00,0,757,0,303
2025-05-06 17:00:00,2025-05-06 17:30:00,0,661,0,267
2025-05-06 16:30:00,2025-05-06 17:00:00,0,717,0,287
2025-05-06 16:00:00,2025-05-06 16:30:00,0,798,0,298
2025-05-06 15:30:00,2025-05-06 16:00:00,0,768,0,299
2025-05-06 15:00:00,2025-05-06 15:30:00,0,767,0,309
2025-05-06 14:30:00,2025-05-06 15:00:00,0,721,0,287
2025-05-06 14:00:00,2025-05-06 14:30:00,0,714,0,287
2025-05-06 13:30:00,2025-05-06 14:00:00,0,728,0,296
2025-05-06 13:00:00,2025-05-06 13:30:00,0,662,0,274
2025-05-06 12:30:00,2025-05-06 13:00:00,0,723,0,298
2025-05-06 12:00:00,2025-05-06 12:30:00,0,751,0,300
2025-05-06 11:30:00,2025-05-06 12:00:00,0,728,0,297
2025-05-06 11:00:00,2025-05-06 11:30:00,0,791,0,319
2025-05-06 10:30:00,2025-05-06 11:00:00,0,794,0,324
2025-05-06 10:00:00,2025-05-06 10:30:00,0,774,0,333
2025-05-06 09:30:00,2025-05-06 10:00:00,0,688,0,281
2025-05-06 09:00:00,2025-05-06 09:30:00,0,596,0,238
2025-05-06 08:30:00,2025-05-06 09:00:00,0,666,0,271
2025-05-06 08:00:00,2025-05-06 08:30:00,0,699,0,267
2025-05-06 07:30:00,2025-05-06 08:00:00,0,685,0,275
2025-05-06 07:00:00,2025-05-06 07:30:00,0,696,0,275
2025-05-06 06:30:00,2025-05-06 07:00:00,0,733,0,294
2025-05-06 06:00:00,2025-05-06 06:30:00,0,756,0,298
2025-05-06 05:30:00,2025-05-06 06:00:00,0,665,0,272
2025-05-06 05:00:00,2025-05-06 05:30:00,0,662,0,279
2025-05-06 04:30:00,2025-05-06 05:00:00,0,672,0,279
2025-05-06 04:00:00,2025-05-06 04:30:00,0,638,0,273
2025-05-06 03:30:00,2025-05-06 04:00:00,0,615,0,263
2025-05-06 03:00:00,2025-05-06 03:30:00,0,712,0,290
2025-05-06 02:30:00,2025-05-06 03:00:00,0,781,0,330
2025-05-06 02:00:00,2025-05-06 02:30:00,0,718,0,311
2025-05-06 01:30:00,2025-05-06 02:00:00,0,728,0,311
2025-05-06 01:00:00,2025-05-06 01:30:00,0,670,0,277
2025-05-06 00:30:00,2025-05-06 01:00:00,0,704,0,270
2025-05-06 00:00:00,2025-05-06 00:30:00,0,642,0,267
2025-05-05 23:30:00,2025-05-06 00:00:00,0,679,0,265
2025-05-05 23:00:00,2025-05-05 23:30:00,0,726,0,289
2025-05-05 22:30:00,2025-05-05 23:00:00,0,785,0,326
2025-05-05 22:00:00,2025-05-05 22:30:00,0,663,0,267
2025-05-05 21:30:00,2025-05-05 22:00:00,0,787,0,311
2025-05-05 21:00:00,2025-05-05 21:30:00,0,672,0,280
2025-05-05 20:30:00,2025-05-05 21:00:00,0,674,0,264
2025-05-05 20:00:00,2025-05-05 20:30:00,0,722,0,273
2025-05-05 19:30:00,2025-05-05 20:00:00,0,760,0,294
2025-05-05 19:00:00,2025-05-05 19:30:00,0,855,0,343
2025-05-05 18:30:00,2025-05-05 19:00:00,0,749,0,308
2025-05-05 18:00:00,2025-05-05 18:30:00,0,668,0,286
2025-05-05 17:30:00,2025-05-05 18:00:00,0,700,0,280
2025-05-05 17:00:00,2025-05-05 17:30:00,0,859,0,356
2025-05-05 16:30:00,2025-05-05 17:00:00,0,851,0,368
2025-05-05 16:00:00,2025-05-05 16:30:00,0,705,0,282
2025-05-05 15:30:00,2025-05-05 16:00:00,0,875,0,340
2025-05-05 15:00:00,2025-05-05 15:30:00,0,900,0,362
2025-05-05 14:30:00,2025-05-05 15:00:00,0,728,0,332
2025-05-05 14:00:00,2025-05-05 14:30:00,0,646,0,280
2025-05-05 13:30:00,2025-05-05 14:00:00,0,670,0,268
2025-05-05 13:00:00,2025-05-05 13:30:00,0,689,0,272
2025-05-05 12:30:00,2025-05-05 13:00:00,0,829,0,361
2025-05-05 12:00:00,2025-05-05 12:30:00,0,870,0,368
2025-05-05 11:30:00,2025-05-05 12:00:00,0,695,0,283
2025-05-05 11:00:00,2025-05-05 11:30:00,0,668,0,271
2025-05-05 10:30:00,2025-05-05 11:00:00,0,739,0,298
2025-05-05 10:00:00,2025-05-05 10:30:00,0,836,0,361
2025-05-05 09:30:00,2025-05-05 10:00:00,0,774,0,322
2025-05-05 09:00:00,2025-05-05 09:30:00,0,673,0,264
2025-05-05 08:30:00,2025-05-05 09:00:00,0,642,0,227
2025-05-05 08:00:00,2025-05-05 08:30:00,0,581,0,214
2025-05-05 07:30:00,2025-05-05 08:00:00,0,591,0,227
2025-05-05 07:00:00,2025-05-05 07:30:00,0,588,0,232
2025-05-05 06:30:00,2025-05-05 07:00:00,0,598,0,246
2025-05-05 06:00:00,2025-05-05 06:30:00,0,689,0,272
2025-05-05 05:30:00,2025-05-05 06:00:00,0,676,0,295
2025-05-05 05:00:00,2025-05-05 05:30:00,0,565,0,238
2025-05-05 04:30:00,2025-05-05 05:00:00,0,557,0,245
2025-05-05 04:00:00,2025-05-05 04:30:00,0,616,0,248
2025-05-05 03:30:00,2025-05-05 04:00:00,0,701,0,298
2025-05-05 03:00:00,2025-05-05 03:30:00,0,696,0,283
2025-05-05 02:30:00,2025-05-05 03:00:00,0,612,0,265
2025-05-05 02:00:00,2025-05-05 02:30:00,0,622,0,250
2025-05-05 01:30:00,2025-05-05 02:00:00,0,619,0,249
2025-05-05 01:00:00,2025-05-05 01:30:00,0,611,0,221
2025-05-05 00:30:00,2025-05-05 01:00:00,0,608,0,244
2025-05-05 00:00:00,2025-05-05 00:30:00,0,617,0,257
2025-05-04 23:30:00,2025-05-05 00:00:00,0,622,0,282
2025-05-04 23:00:00,2025-05-04 23:30:00,0,647,0,264
2025-05-04 22:30:00,2025-05-04 23:00:00,0,711,0,303
2025-05-04 22:00:00,2025-05-04 22:30:00,0,794,0,315
2025-05-04 21:30:00,2025-05-04 22:00:00,0,716,0,305
2025-05-04 21:00:00,2025-05-04 21:30:00,0,595,0,260
2025-05-04 20:30:00,2025-05-04 21:00:00,0,656,0,286
2025-05-04 20:00:00,2025-05-04 20:30:00,0,744,0,315
2025-05-04 19:30:00,2025-05-04 20:00:00,0,792,0,336
2025-05-04 19:00:00,2025-05-04 19:30:00,0,635,0,278
2025-05-04 18:30:00,2025-05-04 19:00:00,0,598,0,250
2025-05-04 18:00:00,2025-05-04 18:30:00,0,623,0,274
2025-05-04 17:30:00,2025-05-04 18:00:00,0,679,0,279
2025-05-04 17:00:00,2025-05-04 17:30:00,0,820,0,344
2025-05-04 16:30:00,2025-05-04 17:00:00,0,652,0,282
2025-05-04 16:00:00,2025-05-04 16:30:00,0,618,0,286
2025-05-04 15:30:00,2025-05-04 16:00:00,0,655,0,281
2025-05-04 15:00:00,2025-05-04 15:30:00,0,783,0,308
2025-05-04 14:30:00,2025-05-04 15:00:00,0,767,0,300
2025-05-04 14:00:00,2025-05-04 14:30:00,0,607,0,251
2025-05-04 13:30:00,2025-05-04 14:00:00,0,602,0,269
2025-05-04 13:00:00,2025-05-04 13:30:00,0,598,0,246
2025-05-04 12:30:00,2025-05-04 13:00:00,0,643,0,257
2025-05-04 12:00:00,2025-05-04 12:30:00,0,777,0,313
2025-05-04 11:30:00,2025-05-04 12:00:00,0,703,0,300
2025-05-04 11:00:00,2025-05-04 11:30:00,0,589,0,256
2025-05-04 10:30:00,2025-05-04 11:00:00,0,607,0,252
2025-05-04 10:00:00,2025-05-04 10:30:00,0,577,0,238
2025-05-04 09:30:00,2025-05-04 10:00:00,0,693,0,284
2025-05-04 09:00:00,2025-05-04 09:30:00,0,742,0,309
2025-05-04 08:30:00,2025-05-04 09:00:00,0,629,0,236
2025-05-04 08:00:00,2025-05-04 08:30:00,0,600,0,233
2025-05-04 07:30:00,2025-05-04 08:00:00,0,591,0,224
2025-05-04 07:00:00,2025-05-04 07:30:00,0,739,0,323
2025-05-04 06:30:00,2025-05-04 07:00:00,0,756,0,327
2025-05-04 06:00:00,2025-05-04 06:30:00,0,639,0,288
2025-05-04 05:30:00,2025-05-04 06:00:00,0,594,0,263
2025-05-04 05:00:00,2025-05-04 05:30:00,0,675,0,293
2025-05-04 04:30:00,2025-05-04 05:00:00,0,782,0,347
2025-05-04 04:00:00,2025-05-04 04:30:00,0,703,0,310
2025-05-04 03:30:00,2025-05-04 04:00:00,0,605,0,260
2025-05-04 03:00:00,2025-05-04 03:30:00,0,624,0,245
2025-05-04 02:30:00,2025-05-04 03:00:00,0,722,0,298
2025-05-04 02:00:00,2025-05-04 02:30:00,0,782,0,333
2025-05-04 01:30:00,2025-05-04 02:00:00,0,716,0,307
2025-05-04 01:00:00,2025-05-04 01:30:00,0,594,0,238
2025-05-04 00:30:00,2025-05-04 01:00:00,0,631,0,238
2025-05-04 00:00:00,2025-05-04 00:30:00,0,674,0,282
2025-05-03 23:30:00,2025-05-04 00:00:00,0,801,0,321
2025-05-03 23:00:00,2025-05-03 23:30:00,0,702,0,290
2025-05-03 22:30:00,2025-05-03 23:00:00,0,546,0,222
2025-05-03 22:00:00,2025-05-03 22:30:00,0,577,0,235
2025-05-03 21:30:00,2025-05-03 22:00:00,0,736,0,311
2025-05-03 21:00:00,2025-05-03 21:30:00,0,610,0,231
2025-05-03 20:30:00,2025-05-03 21:00:00,0,536,0,217
2025-05-03 20:00:00,2025-05-03 20:30:00,0,483,0,217
2025-05-03 19:30:00,2025-05-03 20:00:00,0,496,0,209
2025-05-03 19:00:00,2025-05-03 19:30:00,0,514,0,194
2025-05-03 18:30:00,2025-05-03 19:00:00,0,492,0,200
2025-05-03 18:00:00,2025-05-03 18:30:00,0,500,0,201
2025-05-03 17:30:00,2025-05-03 18:00:00,0,492,0,213
2025-05-03 17:00:00,2025-05-03 17:30:00,0,539,0,216
2025-05-03 16:30:00,2025-05-03 17:00:00,0,462,0,180
2025-05-03 16:00:00,2025-05-03 16:30:00,0,356,0,138
2025-05-03 15:30:00,2025-05-03 16:00:00,0,315,0,131
2025-05-03 15:00:00,2025-05-03 15:30:00,0,293,0,127
2025-05-03 14:30:00,2025-05-03 15:00:00,0,276,0,110
2025-05-03 14:00:00,2025-05-03 14:30:00,0,271,0,100
2025-05-03 13:30:00,2025-05-03 14:00:00,0,266,0,98
2025-05-03 13:00:00,2025-05-03 13:30:00,0,266,0,101
2025-05-03 12:30:00,2025-05-03 13:00:00,0,270,0,104
2025-05-03 12:00:00,2025-05-03 12:30:00,0,260,0,105
2025-05-03 11:30:00,2025-05-03 12:00:00,0,268,0,105
2025-05-03 11:00:00,2025-05-03 11:30:00,0,282,0,106
2025-05-03 10:30:00,2025-05-03 11:00:00,0,280,0,103
2025-05-03 10:00:00,2025-05-03 10:30:00,0,285,0,105
2025-05-03 09:30:00,2025-05-03 10:00:00,0,285,0,104
2025-05-03 09:00:00,2025-05-03 09:30:00,0,291,0,96
2025-05-03 08:30:00,2025-05-03 09:00:00,0,248,0,75
2025-05-03 08:00:00,2025-05-03 08:30:00,0,250,0,78
2025-05-03 07:30:00,2025-05-03 08:00:00,0,235,0,70
2025-05-03 07:00:00,2025-05-03 07:30:00,0,154,0,53
2025-05-03 06:30:00,2025-05-03 07:00:00,0,155,0,61
2025-05-03 06:00:00,2025-05-03 06:30:00,0,157,0,65
2025-05-03 05:30:00,2025-05-03 06:00:00,0,157,0,67
2025-05-03 05:00:00,2025-05-03 05:30:00,0,156,0,66
2025-05-03 04:30:00,2025-05-03 05:00:00,0,157,0,66
2025-05-03 04:00:00,2025-05-03 04:30:00,0,156,0,66
2025-05-03 03:30:00,2025-05-03 04:00:00,0,155,0,63
2025-05-03 03:00:00,2025-05-03 03:30:00,0,154,0,63
2025-05-03 02:30:00,2025-05-03 03:00:00,0,155,0,66
2025-05-03 02:00:00,2025-05-03 02:30:00,0,157,0,65
2025-05-03 01:30:00,2025-05-03 02:00:00,0,160,0,65
2025-05-03 01:00:00,2025-05-03 01:30:00,0,162,0,62
2025-05-03 00:30:00,2025-05-03 01:00:00,0,171,0,65
2025-05-03 00:00:00,2025-05-03 00:30:00,0,173,0,66
2025-05-02 23:30:00,2025-05-03 00:00:00,0,176,0,65
2025-05-02 23:00:00,2025-05-02 23:30:00,0,186,0,66
2025-05-02 22:30:00,2025-05-02 23:00:00,0,184,0,65
2025-05-02 22:00:00,2025-05-02 22:30:00,0,177,0,66
2025-05-02 21:30:00,2025-05-02 22:00:00,0,173,0,68
2025-05-02 21:00:00,2025-05-02 21:30:00,0,182,0,71
2025-05-02 20:30:00,2025-05-02 21:00:00,0,216,0,80
2025-05-02 20:00:00,2025-05-02 20:30:00,0,218,0,80
2025-05-02 19:30:00,2025-05-02 20:00:00,0,217,0,79
2025-05-02 19:00:00,2025-05-02 19:30:00,0,208,0,73
2025-05-02 18:30:00,2025-05-02 19:00:00,0,208,0,79
2025-05-02 18:00:00,2025-05-02 18:30:00,0,206,0,79
2025-05-02 17:30:00,2025-05-02 18:00:00,0,212,0,78
2025-05-02 17:00:00,2025-05-02 17:30:00,0,226,0,73
2025-05-02 16:30:00,2025-05-02 17:00:00,0,233,0,69
2025-05-02 16:00:00,2025-05-02 16:30:00,0,244,0,71
2025-05-02 15:30:00,2025-05-02 16:00:00,0,254,0,73
2025-05-02 15:00:00,2025-05-02 15:30:00,0,258,0,76
2025-05-02 14:30:00,2025-05-02 15:00:00,0,255,0,73
2025-05-02 14:00:00,2025-05-02 14:30:00,0,244,0,79
2025-05-02 13:30:00,2025-05-02 14:00:00,0,233,0,81
2025-05-02 13:00:00,2025-05-02 13:30:00,0,230,0,81
2025-05-02 12:30:00,2025-05-02 13:00:00,0,235,0,83
2025-05-02 12:00:00,2025-05-02 12:30:00,0,236,0,79
2025-05-02 11:30:00,2025-05-02 12:00:00,0,251,0,91
2025-05-02 11:00:00,2025-05-02 11:30:00,0,240,0,79
2025-05-02 10:30:00,2025-05-02 11:00:00,0,239,0,77
2025-05-02 10:00:00,2025-05-02 10:30:00,0,240,0,77
2025-05-02 09:30:00,2025-05-02 10:00:00,0,239,0,78
2025-05-02 09:00:00,2025-05-02 09:30:00,0,236,0,75
2025-05-02 08:30:00,2025-05-02 09:00:00,0,232,0,73
2025-05-02 08:00:00,2025-05-02 08:30:00,0,233,0,75
2025-05-02 07:30:00,2025-05-02 08:00:00,0,215,0,74
2025-05-02 07:00:00,2025-05-02 07:30:00,0,165,0,65
2025-05-02 06:30:00,2025-05-02 07:00:00,0,114,0,58
2025-05-02 06:00:00,2025-05-02 06:30:00,0,105,0,58
2025-05-02 05:30:00,2025-05-02 06:00:00,0,107,0,62
2025-05-02 05:00:00,2025-05-02 05:30:00,0,107,0,63
2025-05-02 04:30:00,2025-05-02 05:00:00,0,106,0,63
2025-05-02 04:00:00,2025-05-02 04:30:00,0,108,0,62
2025-05-02 03:30:00,2025-05-02 04:00:00,0,108,0,62
2025-05-02 03:00:00,2025-05-02 03:30:00,0,107,0,61
2025-05-02 02:30:00,2025-05-02 03:00:00,0,107,0,61
2025-05-02 02:00:00,2025-05-02 02:30:00,0,107,0,60
2025-05-02 01:30:00,2025-05-02 02:00:00,0,107,0,64
2025-05-02 01:00:00,2025-05-02 01:30:00,0,109,0,63
2025-05-02 00:30:00,2025-05-02 01:00:00,0,109,0,63
2025-05-02 00:00:00,2025-05-02 00:30:00,0,107,0,62
2025-05-01 23:30:00,2025-05-02 00:00:00,0,109,0,64
2025-05-01 23:00:00,2025-05-01 23:30:00,0,109,0,66
2025-05-01 22:30:00,2025-05-01 23:00:00,0,109,0,64
2025-05-01 22:00:00,2025-05-01 22:30:00,0,108,0,65
2025-05-01 21:30:00,2025-05-01 22:00:00,0,104,0,63
2025-05-01 21:00:00,2025-05-01 21:30:00,0,101,0,61
2025-05-01 20:30:00,2025-05-01 21:00:00,0,98,0,56
2025-05-01 20:00:00,2025-05-01 20:30:00,0,98,0,56
2025-05-01 19:30:00,2025-05-01 20:00:00,0,97,0,55
2025-05-01 19:00:00,2025-05-01 19:30:00,0,94,0,52
2025-05-01 18:30:00,2025-05-01 19:00:00,0,90,0,49
2025-05-01 18:00:00,2025-05-01 18:30:00,0,91,0,50
2025-05-01 17:30:00,2025-05-01 18:00:00,0,96,0,51
2025-05-01 17:00:00,2025-05-01 17:30:00,0,107,0,48
2025-05-01 16:30:00,2025-05-01 17:00:00,0,167,0,69
2025-05-01 16:00:00,2025-05-01 16:30:00,0,168,0,73
2025-05-01 15:30:00,2025-05-01 16:00:00,0,171,0,72
2025-05-01 15:00:00,2025-05-01 15:30:00,0,171,0,71
2025-05-01 14:30:00,2025-05-01 15:00:00,0,170,0,73
2025-05-01 14:00:00,2025-05-01 14:30:00,0,173,0,74
2025-05-01 13:30:00,2025-05-01 14:00:00,0,171,0,72
2025-05-01 13:00:00,2025-05-01 13:30:00,0,170,0,67
2025-05-01 12:30:00,2025-05-01 13:00:00,0,174,0,72
2025-05-01 12:00:00,2025-05-01 12:30:00,0,176,0,70
2025-05-01 11:30:00,2025-05-01 12:00:00,0,176,0,68
2025-05-01 11:00:00,2025-05-01 11:30:00,0,175,0,68
2025-05-01 10:30:00,2025-05-01 11:00:00,0,174,0,67
2025-05-01 10:00:00,2025-05-01 10:30:00,0,177,0,73
2025-05-01 09:30:00,2025-05-01 10:00:00,0,139,0,70
2025-05-01 09:00:00,2025-05-01 09:30:00,0,158,0,68
2025-05-01 08:30:00,2025-05-01 09:00:00,0,124,0,64
2025-05-01 08:00:00,2025-05-01 08:30:00,0,124,0,67
2025-05-01 07:30:00,2025-05-01 08:00:00,0,119,0,67
2025-05-01 07:00:00,2025-05-01 07:30:00,0,119,0,69
2025-05-01 06:30:00,2025-05-01 07:00:00,0,128,0,70
2025-05-01 06:00:00,2025-05-01 06:30:00,0,256,0,119
2025-05-01 05:30:00,2025-05-01 06:00:00,0,285,0,137
2025-05-01 05:00:00,2025-05-01 05:30:00,0,285,0,138
2025-05-01 04:30:00,2025-05-01 05:00:00,0,287,0,139
2025-05-01 04:00:00,2025-05-01 04:30:00,0,290,0,140
2025-05-01 03:30:00,2025-05-01 04:00:00,0,291,0,139
2025-05-01 03:00:00,2025-05-01 03:30:00,0,311,0,144
2025-05-01 02:30:00,2025-05-01 03:00:00,0,352,0,136
2025-05-01 02:00:00,2025-05-01 02:30:00,0,384,0,149
2025-05-01 01:30:00,2025-05-01 02:00:00,0,505,0,205
2025-05-01 01:00:00,2025-05-01 01:30:00,0,522,0,208
2025-05-01 00:30:00,2025-05-01 01:00:00,0,585,0,253
2025-05-01 00:00:00,2025-05-01 00:30:00,0,579,0,240
2025-04-30 23:30:00,2025-05-01 00:00:00,0,649,0,270
2025-04-30 23:00:00,2025-04-30 23:30:00,0,668,0,284
2025-04-30 22:30:00,2025-04-30 23:00:00,0,686,0,293
2025-04-30 22:00:00,2025-04-30 22:30:00,0,676,0,267
2025-04-30 21:30:00,2025-04-30 22:00:00,0,714,0,302
2025-04-30 21:00:00,2025-04-30 21:30:00,0,652,0,289
2025-04-30 20:30:00,2025-04-30 21:00:00,0,650,0,289
2025-04-30 20:00:00,2025-04-30 20:30:00,0,685,0,286
2025-04-30 19:30:00,2025-04-30 20:00:00,0,823,0,342
2025-04-30 19:00:00,2025-04-30 19:30:00,0,776,0,320
2025-04-30 18:30:00,2025-04-30 19:00:00,0,619,0,250
2025-04-30 18:00:00,2025-04-30 18:30:00,0,647,0,266
2025-04-30 17:30:00,2025-04-30 18:00:00,0,714,0,291
2025-04-30 17:00:00,2025-04-30 17:30:00,0,884,0,374
2025-04-30 16:30:00,2025-04-30 17:00:00,0,796,0,350
2025-04-30 16:00:00,2025-04-30 16:30:00,0,678,0,288
2025-04-30 15:30:00,2025-04-30 16:00:00,0,758,0,305
2025-04-30 15:00:00,2025-04-30 15:30:00,0,850,0,331
2025-04-30 14:30:00,2025-04-30 15:00:00,0,877,0,380
2025-04-30 14:00:00,2025-04-30 14:30:00,0,683,0,271
2025-04-30 13:30:00,2025-04-30 14:00:00,0,662,0,272
2025-04-30 13:00:00,2025-04-30 13:30:00,0,706,0,297
2025-04-30 12:30:00,2025-04-30 13:00:00,0,757,0,302
2025-04-30 12:00:00,2025-04-30 12:30:00,0,922,0,366
2025-04-30 11:30:00,2025-04-30 12:00:00,0,775,0,310
2025-04-30 11:00:00,2025-04-30 11:30:00,0,694,0,290
2025-04-30 10:30:00,2025-04-30 11:00:00,0,735,0,305
2025-04-30 10:00:00,2025-04-30 10:30:00,0,826,0,337
2025-04-30 09:30:00,2025-04-30 10:00:00,0,895,0,390
2025-04-30 09:00:00,2025-04-30 09:30:00,0,746,0,304
2025-04-30 08:30:00,2025-04-30 09:00:00,0,704,0,295
2025-04-30 08:00:00,2025-04-30 08:30:00,0,726,0,286
2025-04-30 07:30:00,2025-04-30 08:00:00,0,871,0,357
2025-04-30 07:00:00,2025-04-30 07:30:00,0,789,0,325
2025-04-30 06:30:00,2025-04-30 07:00:00,0,678,0,292
2025-04-30 06:00:00,2025-04-30 06:30:00,0,666,0,290
2025-04-30 05:30:00,2025-04-30 06:00:00,0,700,0,294
2025-04-30 05:00:00,2025-04-30 05:30:00,0,847,0,355
2025-04-30 04:30:00,2025-04-30 05:00:00,0,814,0,338
2025-04-30 04:00:00,2025-04-30 04:30:00,0,651,0,277
2025-04-30 03:30:00,2025-04-30 04:00:00,0,636,0,283
2025-04-30 03:00:00,2025-04-30 03:30:00,0,652,0,268
2025-04-30 02:30:00,2025-04-30 03:00:00,0,633,0,275
2025-04-30 02:00:00,2025-04-30 02:30:00,0,673,0,276
2025-04-30 01:30:00,2025-04-30 02:00:00,0,802,0,336
2025-04-30 01:00:00,2025-04-30 01:30:00,0,826,0,353
2025-04-30 00:30:00,2025-04-30 01:00:00,0,630,0,280
2025-04-30 00:00:00,2025-04-30 00:30:00,0,647,0,269
2025-04-29 23:30:00,2025-04-30 00:00:00,0,658,0,283
2025-04-29 23:00:00,2025-04-29 23:30:00,0,690,0,294
2025-04-29 22:30:00,2025-04-29 23:00:00,0,765,0,321
2025-04-29 22:00:00,2025-04-29 22:30:00,0,734,0,313
2025-04-29 21:30:00,2025-04-29 22:00:00,0,675,0,298
2025-04-29 21:00:00,2025-04-29 21:30:00,0,576,0,245
2025-04-29 20:30:00,2025-04-29 21:00:00,0,588,0,245
2025-04-29 20:00:00,2025-04-29 20:30:00,0,591,0,247
2025-04-29 19:30:00,2025-04-29 20:00:00,0,623,0,240
2025-04-29 19:00:00,2025-04-29 19:30:00,0,775,0,309
2025-04-29 18:30:00,2025-04-29 19:00:00,0,654,0,260
2025-04-29 18:00:00,2025-04-29 18:30:00,0,551,0,198
2025-04-29 17:30:00,2025-04-29 18:00:00,0,589,0,243
2025-04-29 17:00:00,2025-04-29 17:30:00,0,700,0,281
2025-04-29 16:30:00,2025-04-29 17:00:00,0,757,0,326
2025-04-29 16:00:00,2025-04-29 16:30:00,0,671,0,294
2025-04-29 15:30:00,2025-04-29 16:00:00,0,681,0,280
2025-04-29 15:00:00,2025-04-29 15:30:00,0,726,0,290
2025-04-29 14:30:00,2025-04-29 15:00:00,0,706,0,290
2025-04-29 14:00:00,2025-04-29 14:30:00,0,746,0,280
2025-04-29 13:30:00,2025-04-29 14:00:00,0,710,0,292
2025-04-29 13:00:00,2025-04-29 13:30:00,0,688,0,284
2025-04-29 12:30:00,2025-04-29 13:00:00,0,706,0,280
2025-04-29 12:00:00,2025-04-29 12:30:00,0,744,0,315
2025-04-29 11:30:00,2025-04-29 12:00:00,0,875,0,337
2025-04-29 11:00:00,2025-04-29 11:30:00,0,880,0,358
2025-04-29 10:30:00,2025-04-29 11:00:00,0,735,0,313
2025-04-29 10:00:00,2025-04-29 10:30:00,0,720,0,306
2025-04-29 09:30:00,2025-04-29 10:00:00,0,736,0,310
2025-04-29 09:00:00,2025-04-29 09:30:00,0,835,0,352
2025-04-29 08:30:00,2025-04-29 09:00:00,0,902,0,383
2025-04-29 08:00:00,2025-04-29 08:30:00,0,746,0,313
2025-04-29 07:30:00,2025-04-29 08:00:00,0,740,0,299
2025-04-29 07:00:00,2025-04-29 07:30:00,0,716,0,262
2025-04-29 06:30:00,2025-04-29 07:00:00,0,870,0,347
2025-04-29 06:00:00,2025-04-29 06:30:00,0,856,0,351
2025-04-29 05:30:00,2025-04-29 06:00:00,0,687,0,292
2025-04-29 05:00:00,2025-04-29 05:30:00,0,696,0,284
2025-04-29 04:30:00,2025-04-29 05:00:00,0,814,0,336
2025-04-29 04:00:00,2025-04-29 04:30:00,0,877,0,364
2025-04-29 03:30:00,2025-04-29 04:00:00,0,768,0,338
2025-04-29 03:00:00,2025-04-29 03:30:00,0,690,0,275
2025-04-29 02:30:00,2025-04-29 03:00:00,0,660,0,254
2025-04-29 02:00:00,2025-04-29 02:30:00,0,646,0,257
2025-04-29 01:30:00,2025-04-29 02:00:00,0,639,0,282
2025-04-29 01:00:00,2025-04-29 01:30:00,0,699,0,271
2025-04-29 00:30:00,2025-04-29 01:00:00,0,817,0,344
2025-04-29 00:00:00,2025-04-29 00:30:00,0,755,0,325
2025-04-28 23:30:00,2025-04-29 00:00:00,0,713,0,273
2025-04-28 23:00:00,2025-04-28 23:30:00,0,748,0,285
2025-04-28 22:30:00,2025-04-28 23:00:00,0,913,0,367
2025-04-28 22:00:00,2025-04-28 22:30:00,0,864,0,342
2025-04-28 21:30:00,2025-04-28 22:00:00,0,739,0,300
2025-04-28 21:00:00,2025-04-28 21:30:00,0,678,0,267
2025-04-28 20:30:00,2025-04-28 21:00:00,0,769,0,311
2025-04-28 20:00:00,2025-04-28 20:30:00,0,898,0,369
2025-04-28 19:30:00,2025-04-28 20:00:00,0,830,0,347
2025-04-28 19:00:00,2025-04-28 19:30:00,0,694,0,270
2025-04-28 18:30:00,2025-04-28 19:00:00,0,674,0,270
2025-04-28 18:00:00,2025-04-28 18:30:00,0,755,0,292
2025-04-28 17:30:00,2025-04-28 18:00:00,0,894,0,359
2025-04-28 17:00:00,2025-04-28 17:30:00,0,874,0,357
2025-04-28 16:30:00,2025-04-28 17:00:00,0,728,0,308
2025-04-28 16:00:00,2025-04-28 16:30:00,0,786,0,321
2025-04-28 15:30:00,2025-04-28 16:00:00,0,915,0,373
2025-04-28 15:00:00,2025-04-28 15:30:00,0,1007,0,415
2025-04-28 14:30:00,2025-04-28 15:00:00,0,924,0,382
2025-04-28 14:00:00,2025-04-28 14:30:00,0,775,0,278
2025-04-28 13:30:00,2025-04-28 14:00:00,0,796,0,296
2025-04-28 13:00:00,2025-04-28 13:30:00,0,793,0,310
2025-04-28 12:30:00,2025-04-28 13:00:00,0,883,0,352
2025-04-28 12:00:00,2025-04-28 12:30:00,0,989,0,424
2025-04-28 11:30:00,2025-04-28 12:00:00,0,898,0,389
2025-04-28 11:00:00,2025-04-28 11:30:00,0,783,0,300
2025-04-28 10:30:00,2025-04-28 11:00:00,0,768,0,281
2025-04-28 10:00:00,2025-04-28 10:30:00,0,756,0,268
2025-04-28 09:30:00,2025-04-28 10:00:00,0,804,0,291
2025-04-28 09:00:00,2025-04-28 09:30:00,0,1023,0,430
2025-04-28 08:30:00,2025-04-28 09:00:00,0,762,0,332
2025-04-28 08:00:00,2025-04-28 08:30:00,0,648,0,263
2025-04-28 07:30:00,2025-04-28 08:00:00,0,675,0,259
2025-04-28 07:00:00,2025-04-28 07:30:00,0,849,0,342
2025-04-28 06:30:00,2025-04-28 07:00:00,0,747,0,338
2025-04-28 06:00:00,2025-04-28 06:30:00,0,608,0,268
2025-04-28 05:30:00,2025-04-28 06:00:00,0,664,0,298
2025-04-28 05:00:00,2025-04-28 05:30:00,0,649,0,284
2025-04-28 04:30:00,2025-04-28 05:00:00,0,675,0,307
2025-04-28 04:00:00,2025-04-28 04:30:00,0,679,0,275
2025-04-28 03:30:00,2025-04-28 04:00:00,0,681,0,284
2025-04-28 03:00:00,2025-04-28 03:30:00,0,666,0,268
2025-04-28 02:30:00,2025-04-28 03:00:00,0,698,0,289
2025-04-28 02:00:00,2025-04-28 02:30:00,0,698,0,300
2025-04-28 01:30:00,2025-04-28 02:00:00,0,834,0,363
2025-04-28 01:00:00,2025-04-28 01:30:00,0,802,0,345
2025-04-28 00:30:00,2025-04-28 01:00:00,0,664,0,274
2025-04-28 00:00:00,2025-04-28 00:30:00,0,728,0,286
2025-04-27 23:30:00,2025-04-28 00:00:00,0,831,0,353
2025-04-27 23:00:00,2025-04-27 23:30:00,0,871,0,382
2025-04-27 22:30:00,2025-04-27 23:00:00,0,706,0,298
2025-04-27 22:00:00,2025-04-27 22:30:00,0,655,0,273
2025-04-27 21:30:00,2025-04-27 22:00:00,0,661,0,270
2025-04-27 21:00:00,2025-04-27 21:30:00,0,630,0,271
2025-04-27 20:30:00,2025-04-27 21:00:00,0,579,0,232
2025-04-27 20:00:00,2025-04-27 20:30:00,0,547,0,233
2025-04-27 19:30:00,2025-04-27 20:00:00,0,583,0,249
2025-04-27 19:00:00,2025-04-27 19:30:00,0,724,0,297
2025-04-27 18:30:00,2025-04-27 19:00:00,0,844,0,343
2025-04-27 18:00:00,2025-04-27 18:30:00,0,713,0,301
2025-04-27 17:30:00,2025-04-27 18:00:00,0,677,0,301
2025-04-27 17:00:00,2025-04-27 17:30:00,0,731,0,295
2025-04-27 16:30:00,2025-04-27 17:00:00,0,847,0,380
2025-04-27 16:00:00,2025-04-27 16:30:00,0,775,0,340
2025-04-27 15:30:00,2025-04-27 16:00:00,0,668,0,286
2025-04-27 15:00:00,2025-04-27 15:30:00,0,673,0,287
2025-04-27 14:30:00,2025-04-27 15:00:00,0,691,0,295
2025-04-27 14:00:00,2025-04-27 14:30:00,0,842,0,356
2025-04-27 13:30:00,2025-04-27 14:00:00,0,755,0,326
2025-04-27 13:00:00,2025-04-27 13:30:00,0,650,0,280
2025-04-27 12:30:00,2025-04-27 13:00:00,0,651,0,275
2025-04-27 12:00:00,2025-04-27 12:30:00,0,700,0,278
2025-04-27 11:30:00,2025-04-27 12:00:00,0,833,0,342
2025-04-27 11:00:00,2025-04-27 11:30:00,0,725,0,308
2025-04-27 10:30:00,2025-04-27 11:00:00,0,644,0,279
2025-04-27 10:00:00,2025-04-27 10:30:00,0,659,0,278
2025-04-27 09:30:00,2025-04-27 10:00:00,0,779,0,320
2025-04-27 09:00:00,2025-04-27 09:30:00,0,801,0,332
2025-04-27 08:30:00,2025-04-27 09:00:00,0,674,0,296
2025-04-27 08:00:00,2025-04-27 08:30:00,0,621,0,273
2025-04-27 07:30:00,2025-04-27 08:00:00,0,706,0,305
2025-04-27 07:00:00,2025-04-27 07:30:00,0,789,0,332
2025-04-27 06:30:00,2025-04-27 07:00:00,0,765,0,314
2025-04-27 06:00:00,2025-04-27 06:30:00,0,679,0,284
2025-04-27 05:30:00,2025-04-27 06:00:00,0,685,0,287
2025-04-27 05:00:00,2025-04-27 05:30:00,0,759,0,313
2025-04-27 04:30:00,2025-04-27 05:00:00,0,788,0,306
2025-04-27 04:00:00,2025-04-27 04:30:00,0,740,0,304
2025-04-27 03:30:00,2025-04-27 04:00:00,0,623,0,256
2025-04-27 03:00:00,2025-04-27 03:30:00,0,567,0,255
2025-04-27 02:30:00,2025-04-27 03:00:00,0,559,0,242
2025-04-27 02:00:00,2025-04-27 02:30:00,0,568,0,239
2025-04-27 01:30:00,2025-04-27 02:00:00,0,670,0,263
2025-04-27 01:00:00,2025-04-27 01:30:00,0,743,0,308
2025-04-27 00:30:00,2025-04-27 01:00:00,0,609,0,236
2025-04-27 00:00:00,2025-04-27 00:30:00,0,564,0,236
2025-04-26 23:30:00,2025-04-27 00:00:00,0,628,0,250
2025-04-26 23:00:00,2025-04-26 23:30:00,0,783,0,335
2025-04-26 22:30:00,2025-04-26 23:00:00,0,707,0,297
2025-04-26 22:00:00,2025-04-26 22:30:00,0,654,0,272
2025-04-26 21:30:00,2025-04-26 22:00:00,0,659,0,284
2025-04-26 21:00:00,2025-04-26 21:30:00,0,690,0,287
2025-04-26 20:30:00,2025-04-26 21:00:00,0,700,0,270
2025-04-26 20:00:00,2025-04-26 20:30:00,0,700,0,288
2025-04-26 19:30:00,2025-04-26 20:00:00,0,674,0,300
2025-04-26 19:00:00,2025-04-26 19:30:00,0,683,0,282
2025-04-26 18:30:00,2025-04-26 19:00:00,0,716,0,301
2025-04-26 18:00:00,2025-04-26 18:30:00,0,774,0,318
2025-04-26 17:30:00,2025-04-26 18:00:00,0,854,0,361
2025-04-26 17:00:00,2025-04-26 17:30:00,0,695,0,293
2025-04-26 16:30:00,2025-04-26 17:00:00,0,644,0,271
2025-04-26 16:00:00,2025-04-26 16:30:00,0,698,0,308
2025-04-26 15:30:00,2025-04-26 16:00:00,0,829,0,348
2025-04-26 15:00:00,2025-04-26 15:30:00,0,869,0,345
2025-04-26 14:30:00,2025-04-26 15:00:00,0,678,0,279
2025-04-26 14:00:00,2025-04-26 14:30:00,0,716,0,299
2025-04-26 13:30:00,2025-04-26 14:00:00,0,758,0,301
2025-04-26 13:00:00,2025-04-26 13:30:00,0,845,0,345
2025-04-26 12:30:00,2025-04-26 13:00:00,0,751,0,295
2025-04-26 12:00:00,2025-04-26 12:30:00,0,635,0,272
2025-04-26 11:30:00,2025-04-26 12:00:00,0,665,0,271
2025-04-26 11:00:00,2025-04-26 11:30:00,0,691,0,283
2025-04-26 10:30:00,2025-04-26 11:00:00,0,861,0,374
2025-04-26 10:00:00,2025-04-26 10:30:00,0,792,0,348
2025-04-26 09:30:00,2025-04-26 10:00:00,0,673,0,290
2025-04-26 09:00:00,2025-04-26 09:30:00,0,672,0,298
2025-04-26 08:30:00,2025-04-26 09:00:00,0,803,0,335
2025-04-26 08:00:00,2025-04-26 08:30:00,0,841,0,338
2025-04-26 07:30:00,2025-04-26 08:00:00,0,713,0,306
2025-04-26 07:00:00,2025-04-26 07:30:00,0,650,0,277
2025-04-26 06:30:00,2025-04-26 07:00:00,0,696,0,310
2025-04-26 06:00:00,2025-04-26 06:30:00,0,866,0,376
2025-04-26 05:30:00,2025-04-26 06:00:00,0,764,0,318
2025-04-26 05:00:00,2025-04-26 05:30:00,0,689,0,270
2025-04-26 04:30:00,2025-04-26 05:00:00,0,666,0,264
2025-04-26 04:00:00,2025-04-26 04:30:00,0,784,0,341
2025-04-26 03:30:00,2025-04-26 04:00:00,0,810,0,356
2025-04-26 03:00:00,2025-04-26 03:30:00,0,671,0,285
2025-04-26 02:30:00,2025-04-26 03:00:00,0,648,0,290
2025-04-26 02:00:00,2025-04-26 02:30:00,0,640,0,274
2025-04-26 01:30:00,2025-04-26 02:00:00,0,748,0,301
2025-04-26 01:00:00,2025-04-26 01:30:00,0,824,0,352
2025-04-26 00:30:00,2025-04-26 01:00:00,0,763,0,303
2025-04-26 00:00:00,2025-04-26 00:30:00,0,659,0,271
2025-04-25 23:30:00,2025-04-26 00:00:00,0,688,0,273
2025-04-25 23:00:00,2025-04-25 23:30:00,0,795,0,330
2025-04-25 22:30:00,2025-04-25 23:00:00,0,823,0,318
2025-04-25 22:00:00,2025-04-25 22:30:00,0,692,0,282
2025-04-25 21:30:00,2025-04-25 22:00:00,0,654,0,271
2025-04-25 21:00:00,2025-04-25 21:30:00,0,631,0,266
2025-04-25 20:30:00,2025-04-25 21:00:00,0,639,0,248
2025-04-25 20:00:00,2025-04-25 20:30:00,0,626,0,248
2025-04-25 19:30:00,2025-04-25 20:00:00,0,573,0,244
2025-04-25 19:00:00,2025-04-25 19:30:00,0,553,0,233
2025-04-25 18:30:00,2025-04-25 19:00:00,0,554,0,239
2025-04-25 18:00:00,2025-04-25 18:30:00,0,582,0,241
2025-04-25 17:30:00,2025-04-25 18:00:00,0,709,0,276
2025-04-25 17:00:00,2025-04-25 17:30:00,0,764,0,302
2025-04-25 16:30:00,2025-04-25 17:00:00,0,711,0,289
2025-04-25 16:00:00,2025-04-25 16:30:00,0,630,0,265
2025-04-25 15:30:00,2025-04-25 16:00:00,0,665,0,271
2025-04-25 15:00:00,2025-04-25 15:30:00,0,815,0,345
2025-04-25 14:30:00,2025-04-25 15:00:00,0,786,0,329
2025-04-25 14:00:00,2025-04-25 14:30:00,0,667,0,252
2025-04-25 13:30:00,2025-04-25 14:00:00,0,730,0,291
2025-04-25 13:00:00,2025-04-25 13:30:00,0,772,0,297
2025-04-25 12:30:00,2025-04-25 13:00:00,0,744,0,292
2025-04-25 12:00:00,2025-04-25 12:30:00,0,804,0,326
2025-04-25 11:30:00,2025-04-25 12:00:00,0,752,0,292
2025-04-25 11:00:00,2025-04-25 11:30:00,0,769,0,306
2025-04-25 10:30:00,2025-04-25 11:00:00,0,732,0,281
2025-04-25 10:00:00,2025-04-25 10:30:00,0,801,0,335
2025-04-25 09:30:00,2025-04-25 10:00:00,0,808,0,340
2025-04-25 09:00:00,2025-04-25 09:30:00,0,980,0,430
2025-04-25 08:30:00,2025-04-25 09:00:00,0,892,0,386
2025-04-25 08:00:00,2025-04-25 08:30:00,0,766,0,320
2025-04-25 07:30:00,2025-04-25 08:00:00,0,787,0,337
2025-04-25 07:00:00,2025-04-25 07:30:00,0,841,0,347
2025-04-25 06:30:00,2025-04-25 07:00:00,0,967,0,430
2025-04-25 06:00:00,2025-04-25 06:30:00,0,782,0,349
2025-04-25 05:30:00,2025-04-25 06:00:00,0,754,0,341
2025-04-25 05:00:00,2025-04-25 05:30:00,0,724,0,321
2025-04-25 04:30:00,2025-04-25 05:00:00,0,821,0,333
2025-04-25 04:00:00,2025-04-25 04:30:00,0,946,0,417
2025-04-25 03:30:00,2025-04-25 04:00:00,0,788,0,334
2025-04-25 03:00:00,2025-04-25 03:30:00,0,741,0,309
2025-04-25 02:30:00,2025-04-25 03:00:00,0,729,0,322
2025-04-25 02:00:00,2025-04-25 02:30:00,0,830,0,347
2025-04-25 01:30:00,2025-04-25 02:00:00,0,961,0,387
2025-04-25 01:00:00,2025-04-25 01:30:00,0,804,0,347
2025-04-25 00:30:00,2025-04-25 01:00:00,0,743,0,325
2025-04-25 00:00:00,2025-04-25 00:30:00,0,750,0,288
2025-04-24 23:30:00,2025-04-25 00:00:00,0,937,0,385
2025-04-24 23:00:00,2025-04-24 23:30:00,0,936,0,392
2025-04-24 22:30:00,2025-04-24 23:00:00,0,765,0,347
2025-04-24 22:00:00,2025-04-24 22:30:00,0,732,0,307
2025-04-24 21:30:00,2025-04-24 22:00:00,0,680,0,288
2025-04-24 21:00:00,2025-04-24 21:30:00,0,665,0,287
2025-04-24 20:30:00,2025-04-24 21:00:00,0,721,0,294
2025-04-24 20:00:00,2025-04-24 20:30:00,0,877,0,349
2025-04-24 19:30:00,2025-04-24 20:00:00,0,768,0,322
2025-04-24 19:00:00,2025-04-24 19:30:00,0,684,0,314
2025-04-24 18:30:00,2025-04-24 19:00:00,0,724,0,304
2025-04-24 18:00:00,2025-04-24 18:30:00,0,862,0,352
2025-04-24 17:30:00,2025-04-24 18:00:00,0,872,0,362
2025-04-24 17:00:00,2025-04-24 17:30:00,0,772,0,351
2025-04-24 16:30:00,2025-04-24 17:00:00,0,752,0,310
2025-04-24 16:00:00,2025-04-24 16:30:00,0,784,0,332
2025-04-24 15:30:00,2025-04-24 16:00:00,0,923,0,396
2025-04-24 15:00:00,2025-04-24 15:30:00,0,879,0,391
2025-04-24 14:30:00,2025-04-24 15:00:00,0,765,0,301
2025-04-24 14:00:00,2025-04-24 14:30:00,0,812,0,335
2025-04-24 13:30:00,2025-04-24 14:00:00,0,785,0,288
2025-04-24 13:00:00,2025-04-24 13:30:00,0,921,0,377
2025-04-24 12:30:00,2025-04-24 13:00:00,0,844,0,365
2025-04-24 12:00:00,2025-04-24 12:30:00,0,721,0,287
2025-04-24 11:30:00,2025-04-24 12:00:00,0,699,0,268
2025-04-24 11:00:00,2025-04-24 11:30:00,0,706,0,278
2025-04-24 10:30:00,2025-04-24 11:00:00,0,711,0,271
2025-04-24 10:00:00,2025-04-24 10:30:00,0,669,0,259
2025-04-24 09:30:00,2025-04-24 10:00:00,0,761,0,315
2025-04-24 09:00:00,2025-04-24 09:30:00,0,783,0,308
2025-04-24 08:30:00,2025-04-24 09:00:00,0,725,0,315
2025-04-24 08:00:00,2025-04-24 08:30:00,0,686,0,320
2025-04-24 07:30:00,2025-04-24 08:00:00,0,582,0,255
2025-04-24 07:00:00,2025-04-24 07:30:00,0,586,0,241
2025-04-24 06:30:00,2025-04-24 07:00:00,0,760,0,317
2025-04-24 06:00:00,2025-04-24 06:30:00,0,670,0,268
2025-04-24 05:30:00,2025-04-24 06:00:00,0,625,0,267
2025-04-24 05:00:00,2025-04-24 05:30:00,0,598,0,268
2025-04-24 04:30:00,2025-04-24 05:00:00,0,595,0,256
2025-04-24 04:00:00,2025-04-24 04:30:00,0,608,0,266
2025-04-24 03:30:00,2025-04-24 04:00:00,0,604,0,260
2025-04-24 03:00:00,2025-04-24 03:30:00,0,574,0,251
2025-04-24 02:30:00,2025-04-24 03:00:00,0,605,0,261
2025-04-24 02:00:00,2025-04-24 02:30:00,0,617,0,257
2025-04-24 01:30:00,2025-04-24 02:00:00,0,631,0,265
2025-04-24 01:00:00,2025-04-24 01:30:00,0,752,0,299
2025-04-24 00:30:00,2025-04-24 01:00:00,0,729,0,289
2025-04-24 00:00:00,2025-04-24 00:30:00,0,654,0,274
2025-04-23 23:30:00,2025-04-24 00:00:00,0,595,0,243
2025-04-23 23:00:00,2025-04-23 23:30:00,0,605,0,252
2025-04-23 22:30:00,2025-04-23 23:00:00,0,581,0,244
2025-04-23 22:00:00,2025-04-23 22:30:00,0,645,0,262
2025-04-23 21:30:00,2025-04-23 22:00:00,0,740,0,298
2025-04-23 21:00:00,2025-04-23 21:30:00,0,742,0,312
2025-04-23 20:30:00,2025-04-23 21:00:00,0,645,0,264
2025-04-23 20:00:00,2025-04-23 20:30:00,0,690,0,290
2025-04-23 19:30:00,2025-04-23 20:00:00,0,778,0,335
2025-04-23 19:00:00,2025-04-23 19:30:00,0,810,0,326
2025-04-23 18:30:00,2025-04-23 19:00:00,0,730,0,307
2025-04-23 18:00:00,2025-04-23 18:30:00,0,648,0,271
2025-04-23 17:30:00,2025-04-23 18:00:00,0,745,0,308
2025-04-23 17:00:00,2025-04-23 17:30:00,0,783,0,339
2025-04-23 16:30:00,2025-04-23 17:00:00,0,840,0,373
2025-04-23 16:00:00,2025-04-23 16:30:00,0,677,0,274
2025-04-23 15:30:00,2025-04-23 16:00:00,0,704,0,284
2025-04-23 15:00:00,2025-04-23 15:30:00,0,682,0,280
2025-04-23 14:30:00,2025-04-23 15:00:00,0,719,0,292
2025-04-23 14:00:00,2025-04-23 14:30:00,0,756,0,297
2025-04-23 13:30:00,2025-04-23 14:00:00,0,863,0,379
2025-04-23 13:00:00,2025-04-23 13:30:00,0,758,0,326
2025-04-23 12:30:00,2025-04-23 13:00:00,0,675,0,276
2025-04-23 12:00:00,2025-04-23 12:30:00,0,702,0,300
2025-04-23 11:30:00,2025-04-23 12:00:00,0,755,0,311
2025-04-23 11:00:00,2025-04-23 11:30:00,0,843,0,366
2025-04-23 10:30:00,2025-04-23 11:00:00,0,779,0,329
2025-04-23 10:00:00,2025-04-23 10:30:00,0,657,0,270
2025-04-23 09:30:00,2025-04-23 10:00:00,0,665,0,284
2025-04-23 09:00:00,2025-04-23 09:30:00,0,697,0,285
2025-04-23 08:30:00,2025-04-23 09:00:00,0,673,0,258
2025-04-23 08:00:00,2025-04-23 08:30:00,0,726,0,302
2025-04-23 07:30:00,2025-04-23 08:00:00,0,764,0,332
2025-04-23 07:00:00,2025-04-23 07:30:00,0,666,0,286
2025-04-23 06:30:00,2025-04-23 07:00:00,0,611,0,244
2025-04-23 06:00:00,2025-04-23 06:30:00,0,683,0,277
2025-04-23 05:30:00,2025-04-23 06:00:00,0,703,0,287
2025-04-23 05:00:00,2025-04-23 05:30:00,0,721,0,279
2025-04-23 04:30:00,2025-04-23 05:00:00,0,671,0,263
2025-04-23 04:00:00,2025-04-23 04:30:00,0,703,0,294
2025-04-23 03:30:00,2025-04-23 04:00:00,0,684,0,273
2025-04-23 03:00:00,2025-04-23 03:30:00,0,668,0,292
2025-04-23 02:30:00,2025-04-23 03:00:00,0,656,0,264
2025-04-23 02:00:00,2025-04-23 02:30:00,0,702,0,297
2025-04-23 01:30:00,2025-04-23 02:00:00,0,680,0,280
2025-04-23 01:00:00,2025-04-23 01:30:00,0,756,0,314
2025-04-23 00:30:00,2025-04-23 01:00:00,0,846,0,353
2025-04-23 00:00:00,2025-04-23 00:30:00,0,883,0,379
2025-04-22 23:30:00,2025-04-23 00:00:00,0,738,0,314
2025-04-22 23:00:00,2025-04-22 23:30:00,0,693,0,311
2025-04-22 22:30:00,2025-04-22 23:00:00,0,744,0,321
2025-04-22 22:00:00,2025-04-22 22:30:00,0,885,0,356
2025-04-22 21:30:00,2025-04-22 22:00:00,0,842,0,357
2025-04-22 21:00:00,2025-04-22 21:30:00,0,704,0,287
2025-04-22 20:30:00,2025-04-22 21:00:00,0,685,0,289
2025-04-22 20:00:00,2025-04-22 20:30:00,0,663,0,285
2025-04-22 19:30:00,2025-04-22 20:00:00,0,655,0,272
2025-04-22 19:00:00,2025-04-22 19:30:00,0,691,0,286
2025-04-22 18:30:00,2025-04-22 19:00:00,0,782,0,321
2025-04-22 18:00:00,2025-04-22 18:30:00,0,657,0,294
2025-04-22 17:30:00,2025-04-22 18:00:00,0,695,0,291
2025-04-22 17:00:00,2025-04-22 17:30:00,0,683,0,285
2025-04-22 16:30:00,2025-04-22 17:00:00,0,751,0,309
2025-04-22 16:00:00,2025-04-22 16:30:00,0,910,0,399
2025-04-22 15:30:00,2025-04-22 16:00:00,0,772,0,338
2025-04-22 15:00:00,2025-04-22 15:30:00,0,715,0,318
2025-04-22 14:30:00,2025-04-22 15:00:00,0,705,0,303
2025-04-22 14:00:00,2025-04-22 14:30:00,0,730,0,292
2025-04-22 13:30:00,2025-04-22 14:00:00,0,895,0,365
2025-04-22 13:00:00,2025-04-22 13:30:00,0,814,0,334
2025-04-22 12:30:00,2025-04-22 13:00:00,0,699,0,306
2025-04-22 12:00:00,2025-04-22 12:30:00,0,718,0,276
2025-04-22 11:30:00,2025-04-22 12:00:00,0,823,0,332
2025-04-22 11:00:00,2025-04-22 11:30:00,0,905,0,383
2025-04-22 10:30:00,2025-04-22 11:00:00,0,776,0,347
2025-04-22 10:00:00,2025-04-22 10:30:00,0,723,0,316
2025-04-22 09:30:00,2025-04-22 10:00:00,0,754,0,336
2025-04-22 09:00:00,2025-04-22 09:30:00,0,820,0,353
2025-04-22 08:30:00,2025-04-22 09:00:00,0,879,0,383
2025-04-22 08:00:00,2025-04-22 08:30:00,0,731,0,323
2025-04-22 07:30:00,2025-04-22 08:00:00,0,675,0,289
2025-04-22 07:00:00,2025-04-22 07:30:00,0,646,0,260
2025-04-22 06:30:00,2025-04-22 07:00:00,0,769,0,304
2025-04-22 06:00:00,2025-04-22 06:30:00,0,865,0,355
2025-04-22 05:30:00,2025-04-22 06:00:00,0,813,0,356
2025-04-22 05:00:00,2025-04-22 05:30:00,0,640,0,228
2025-04-22 04:30:00,2025-04-22 05:00:00,0,674,0,257
2025-04-22 04:00:00,2025-04-22 04:30:00,0,755,0,311
2025-04-22 03:30:00,2025-04-22 04:00:00,0,861,0,356
2025-04-22 03:00:00,2025-04-22 03:30:00,0,816,0,340
2025-04-22 02:30:00,2025-04-22 03:00:00,0,656,0,262
2025-04-22 02:00:00,2025-04-22 02:30:00,0,696,0,283
2025-04-22 01:30:00,2025-04-22 02:00:00,0,769,0,305
2025-04-22 01:00:00,2025-04-22 01:30:00,0,871,0,347
2025-04-22 00:30:00,2025-04-22 01:00:00,0,759,0,335
2025-04-22 00:00:00,2025-04-22 00:30:00,0,652,0,236
2025-04-21 23:30:00,2025-04-22 00:00:00,0,693,0,256
2025-04-21 23:00:00,2025-04-21 23:30:00,0,651,0,243
2025-04-21 22:30:00,2025-04-21 23:00:00,0,644,0,240
2025-04-21 22:00:00,2025-04-21 22:30:00,0,554,0,200
2025-04-21 21:30:00,2025-04-21 22:00:00,0,620,0,254
2025-04-21 21:00:00,2025-04-21 21:30:00,0,724,0,273
2025-04-21 20:30:00,2025-04-21 21:00:00,0,629,0,265
2025-04-21 20:00:00,2025-04-21 20:30:00,0,588,0,238
2025-04-21 19:30:00,2025-04-21 20:00:00,0,775,0,304
2025-04-21 19:00:00,2025-04-21 19:30:00,0,716,0,282
2025-04-21 18:30:00,2025-04-21 19:00:00,0,554,0,232
2025-04-21 18:00:00,2025-04-21 18:30:00,0,533,0,214
2025-04-21 17:30:00,2025-04-21 18:00:00,0,588,0,251
2025-04-21 17:00:00,2025-04-21 17:30:00,0,607,0,274
2025-04-21 16:30:00,2025-04-21 17:00:00,0,661,0,286
2025-04-21 16:00:00,2025-04-21 16:30:00,0,622,0,271
2025-04-21 15:30:00,2025-04-21 16:00:00,0,660,0,295
2025-04-21 15:00:00,2025-04-21 15:30:00,0,643,0,258
2025-04-21 14:30:00,2025-04-21 15:00:00,0,697,0,293
2025-04-21 14:00:00,2025-04-21 14:30:00,0,783,0,317
2025-04-21 13:30:00,2025-04-21 14:00:00,0,766,0,322
2025-04-21 13:00:00,2025-04-21 13:30:00,0,643,0,274
2025-04-21 12:30:00,2025-04-21 13:00:00,0,641,0,249
2025-04-21 12:00:00,2025-04-21 12:30:00,0,718,0,290
2025-04-21 11:30:00,2025-04-21 12:00:00,0,814,0,329
2025-04-21 11:00:00,2025-04-21 11:30:00,0,757,0,318
2025-04-21 10:30:00,2025-04-21 11:00:00,0,612,0,260
2025-04-21 10:00:00,2025-04-21 10:30:00,0,684,0,291
2025-04-21 09:30:00,2025-04-21 10:00:00,0,726,0,288
2025-04-21 09:00:00,2025-04-21 09:30:00,0,818,0,334
2025-04-21 08:30:00,2025-04-21 09:00:00,0,672,0,272
2025-04-21 08:00:00,2025-04-21 08:30:00,0,646,0,277
2025-04-21 07:30:00,2025-04-21 08:00:00,0,687,0,290
2025-04-21 07:00:00,2025-04-21 07:30:00,0,797,0,329
2025-04-21 06:30:00,2025-04-21 07:00:00,0,761,0,325
2025-04-21 06:00:00,2025-04-21 06:30:00,0,601,0,229
2025-04-21 05:30:00,2025-04-21 06:00:00,0,643,0,272
2025-04-21 05:00:00,2025-04-21 05:30:00,0,691,0,292
2025-04-21 04:30:00,2025-04-21 05:00:00,0,803,0,365
2025-04-21 04:00:00,2025-04-21 04:30:00,0,680,0,286
2025-04-21 03:30:00,2025-04-21 04:00:00,0,616,0,261
2025-04-21 03:00:00,2025-04-21 03:30:00,0,635,0,269
2025-04-21 02:30:00,2025-04-21 03:00:00,0,743,0,339
2025-04-21 02:00:00,2025-04-21 02:30:00,0,775,0,349
2025-04-21 01:30:00,2025-04-21 02:00:00,0,646,0,278
2025-04-21 01:00:00,2025-04-21 01:30:00,0,614,0,244
2025-04-21 00:30:00,2025-04-21 01:00:00,0,701,0,290
2025-04-21 00:00:00,2025-04-21 00:30:00,0,806,0,348
2025-04-20 23:30:00,2025-04-21 00:00:00,0,721,0,292
2025-04-20 23:00:00,2025-04-20 23:30:00,0,627,0,253
2025-04-20 22:30:00,2025-04-20 23:00:00,0,616,0,261
2025-04-20 22:00:00,2025-04-20 22:30:00,0,705,0,279
2025-04-20 21:30:00,2025-04-20 22:00:00,0,794,0,313
2025-04-20 21:00:00,2025-04-20 21:30:00,0,726,0,327
2025-04-20 20:30:00,2025-04-20 21:00:00,0,616,0,260
2025-04-20 20:00:00,2025-04-20 20:30:00,0,637,0,272
2025-04-20 19:30:00,2025-04-20 20:00:00,0,716,0,301
2025-04-20 19:00:00,2025-04-20 19:30:00,0,802,0,316
2025-04-20 18:30:00,2025-04-20 19:00:00,0,643,0,267
2025-04-20 18:00:00,2025-04-20 18:30:00,0,564,0,227
2025-04-20 17:30:00,2025-04-20 18:00:00,0,573,0,248
2025-04-20 17:00:00,2025-04-20 17:30:00,0,570,0,218
2025-04-20 16:30:00,2025-04-20 17:00:00,0,674,0,268
2025-04-20 16:00:00,2025-04-20 16:30:00,0,768,0,336
2025-04-20 15:30:00,2025-04-20 16:00:00,0,596,0,246
2025-04-20 15:00:00,2025-04-20 15:30:00,0,552,0,245
2025-04-20 14:30:00,2025-04-20 15:00:00,0,554,0,223
2025-04-20 14:00:00,2025-04-20 14:30:00,0,707,0,302
2025-04-20 13:30:00,2025-04-20 14:00:00,0,681,0,289
2025-04-20 13:00:00,2025-04-20 13:30:00,0,604,0,254
2025-04-20 12:30:00,2025-04-20 13:00:00,0,631,0,252
2025-04-20 12:00:00,2025-04-20 12:30:00,0,633,0,243
2025-04-20 11:30:00,2025-04-20 12:00:00,0,650,0,254
2025-04-20 11:00:00,2025-04-20 11:30:00,0,660,0,260
2025-04-20 10:30:00,2025-04-20 11:00:00,0,665,0,279
2025-04-20 10:00:00,2025-04-20 10:30:00,0,633,0,263
2025-04-20 09:30:00,2025-04-20 10:00:00,0,681,0,297
2025-04-20 09:00:00,2025-04-20 09:30:00,0,698,0,314
2025-04-20 08:30:00,2025-04-20 09:00:00,0,867,0,356
2025-04-20 08:00:00,2025-04-20 08:30:00,0,829,0,342
2025-04-20 07:30:00,2025-04-20 08:00:00,0,659,0,252
2025-04-20 07:00:00,2025-04-20 07:30:00,0,689,0,288
2025-04-20 06:30:00,2025-04-20 07:00:00,0,787,0,314
2025-04-20 06:00:00,2025-04-20 06:30:00,0,906,0,383
2025-04-20 05:30:00,2025-04-20 06:00:00,0,737,0,306
2025-04-20 05:00:00,2025-04-20 05:30:00,0,664,0,274
2025-04-20 04:30:00,2025-04-20 05:00:00,0,666,0,261
2025-04-20 04:00:00,2025-04-20 04:30:00,0,760,0,310
2025-04-20 03:30:00,2025-04-20 04:00:00,0,920,0,404
2025-04-20 03:00:00,2025-04-20 03:30:00,0,770,0,331
2025-04-20 02:30:00,2025-04-20 03:00:00,0,691,0,283
2025-04-20 02:00:00,2025-04-20 02:30:00,0,675,0,269
2025-04-20 01:30:00,2025-04-20 02:00:00,0,653,0,256
2025-04-20 01:00:00,2025-04-20 01:30:00,0,687,0,258
2025-04-20 00:30:00,2025-04-20 01:00:00,0,827,0,333
2025-04-20 00:00:00,2025-04-20 00:30:00,0,884,0,371
2025-04-19 23:30:00,2025-04-20 00:00:00,0,746,0,317
2025-04-19 23:00:00,2025-04-19 23:30:00,0,714,0,280
2025-04-19 22:30:00,2025-04-19 23:00:00,0,731,0,287
2025-04-19 22:00:00,2025-04-19 22:30:00,0,905,0,370
2025-04-19 21:30:00,2025-04-19 22:00:00,0,898,0,376
2025-04-19 21:00:00,2025-04-19 21:30:00,0,740,0,326
2025-04-19 20:30:00,2025-04-19 21:00:00,0,707,0,300
2025-04-19 20:00:00,2025-04-19 20:30:00,0,681,0,290
2025-04-19 19:30:00,2025-04-19 20:00:00,0,678,0,280
2025-04-19 19:00:00,2025-04-19 19:30:00,0,754,0,300
2025-04-19 18:30:00,2025-04-19 19:00:00,0,845,0,339
2025-04-19 18:00:00,2025-04-19 18:30:00,0,732,0,307
2025-04-19 17:30:00,2025-04-19 18:00:00,0,688,0,282
2025-04-19 17:00:00,2025-04-19 17:30:00,0,701,0,291
2025-04-19 16:30:00,2025-04-19 17:00:00,0,867,0,373
2025-04-19 16:00:00,2025-04-19 16:30:00,0,891,0,364
2025-04-19 15:30:00,2025-04-19 16:00:00,0,786,0,344
2025-04-19 15:00:00,2025-04-19 15:30:00,0,728,0,311
2025-04-19 14:30:00,2025-04-19 15:00:00,0,756,0,303
2025-04-19 14:00:00,2025-04-19 14:30:00,0,901,0,371
2025-04-19 13:30:00,2025-04-19 14:00:00,0,894,0,383
2025-04-19 13:00:00,2025-04-19 13:30:00,0,748,0,316
2025-04-19 12:30:00,2025-04-19 13:00:00,0,734,0,281
2025-04-19 12:00:00,2025-04-19 12:30:00,0,854,0,322
2025-04-19 11:30:00,2025-04-19 12:00:00,0,932,0,390
2025-04-19 11:00:00,2025-04-19 11:30:00,0,790,0,350
2025-04-19 10:30:00,2025-04-19 11:00:00,0,748,0,311
2025-04-19 10:00:00,2025-04-19 10:30:00,0,780,0,318
2025-04-19 09:30:00,2025-04-19 10:00:00,0,798,0,344
2025-04-19 09:00:00,2025-04-19 09:30:00,0,867,0,383
2025-04-19 08:30:00,2025-04-19 09:00:00,0,757,0,334
2025-04-19 08:00:00,2025-04-19 08:30:00,0,684,0,265
2025-04-19 07:30:00,2025-04-19 08:00:00,0,781,0,320
2025-04-19 07:00:00,2025-04-19 07:30:00,0,738,0,307
2025-04-19 06:30:00,2025-04-19 07:00:00,0,803,0,326
2025-04-19 06:00:00,2025-04-19 06:30:00,0,832,0,350
2025-04-19 05:30:00,2025-04-19 06:00:00,0,750,0,313
2025-04-19 05:00:00,2025-04-19 05:30:00,0,708,0,292
2025-04-19 04:30:00,2025-04-19 05:00:00,0,706,0,280
2025-04-19 04:00:00,2025-04-19 04:30:00,0,659,0,267
2025-04-19 03:30:00,2025-04-19 04:00:00,0,668,0,278
2025-04-19 03:00:00,2025-04-19 03:30:00,0,604,0,249
2025-04-19 02:30:00,2025-04-19 03:00:00,0,703,0,287
2025-04-19 02:00:00,2025-04-19 02:30:00,0,728,0,304
2025-04-19 01:30:00,2025-04-19 02:00:00,0,587,0,254
2025-04-19 01:00:00,2025-04-19 01:30:00,0,637,0,260
2025-04-19 00:30:00,2025-04-19 01:00:00,0,655,0,248
2025-04-19 00:00:00,2025-04-19 00:30:00,0,773,0,293
2025-04-18 23:30:00,2025-04-19 00:00:00,0,824,0,324
2025-04-18 23:00:00,2025-04-18 23:30:00,0,730,0,297
2025-04-18 22:30:00,2025-04-18 23:00:00,0,791,0,328
2025-04-18 22:00:00,2025-04-18 22:30:00,0,768,0,305
2025-04-18 21:30:00,2025-04-18 22:00:00,0,785,0,324
2025-04-18 21:00:00,2025-04-18 21:30:00,0,799,0,296
2025-04-18 20:30:00,2025-04-18 21:00:00,0,728,0,252
2025-04-18 20:00:00,2025-04-18 20:30:00,0,731,0,254
2025-04-18 19:30:00,2025-04-18 20:00:00,0,795,0,309
2025-04-18 19:00:00,2025-04-18 19:30:00,0,883,0,338
2025-04-18 18:30:00,2025-04-18 19:00:00,0,978,0,416
2025-04-18 18:00:00,2025-04-18 18:30:00,0,778,0,319
2025-04-18 17:30:00,2025-04-18 18:00:00,0,743,0,289
2025-04-18 17:00:00,2025-04-18 17:30:00,0,894,0,347
2025-04-18 16:30:00,2025-04-18 17:00:00,0,983,0,422
2025-04-18 16:00:00,2025-04-18 16:30:00,0,964,0,434
2025-04-18 15:30:00,2025-04-18 16:00:00,0,788,0,309
2025-04-18 15:00:00,2025-04-18 15:30:00,0,835,0,337
2025-04-18 14:30:00,2025-04-18 15:00:00,0,799,0,304
2025-04-18 14:00:00,2025-04-18 14:30:00,0,937,0,377
2025-04-18 13:30:00,2025-04-18 14:00:00,0,870,0,366
2025-04-18 13:00:00,2025-04-18 13:30:00,0,746,0,310
2025-04-18 12:30:00,2025-04-18 13:00:00,0,780,0,335
2025-04-18 12:00:00,2025-04-18 12:30:00,0,876,0,347
2025-04-18 11:30:00,2025-04-18 12:00:00,0,943,0,385
2025-04-18 11:00:00,2025-04-18 11:30:00,0,789,0,322
2025-04-18 10:30:00,2025-04-18 11:00:00,0,793,0,312
2025-04-18 10:00:00,2025-04-18 10:30:00,0,849,0,341
2025-04-18 09:30:00,2025-04-18 10:00:00,0,931,0,372
2025-04-18 09:00:00,2025-04-18 09:30:00,0,842,0,364
2025-04-18 08:30:00,2025-04-18 09:00:00,0,794,0,324
2025-04-18 08:00:00,2025-04-18 08:30:00,0,831,0,336
2025-04-18 07:30:00,2025-04-18 08:00:00,0,909,0,367
2025-04-18 07:00:00,2025-04-18 07:30:00,0,813,0,352
2025-04-18 06:30:00,2025-04-18 07:00:00,0,707,0,292
2025-04-18 06:00:00,2025-04-18 06:30:00,0,711,0,287
2025-04-18 05:30:00,2025-04-18 06:00:00,0,692,0,244
2025-04-18 05:00:00,2025-04-18 05:30:00,0,712,0,251
2025-04-18 04:30:00,2025-04-18 05:00:00,0,779,0,324
2025-04-18 04:00:00,2025-04-18 04:30:00,0,648,0,293
2025-04-18 03:30:00,2025-04-18 04:00:00,0,606,0,234
2025-04-18 03:00:00,2025-04-18 03:30:00,0,603,0,259
2025-04-18 02:30:00,2025-04-18 03:00:00,0,756,0,324
2025-04-18 02:00:00,2025-04-18 02:30:00,0,661,0,299
2025-04-18 01:30:00,2025-04-18 02:00:00,0,576,0,242
2025-04-18 01:00:00,2025-04-18 01:30:00,0,632,0,273
2025-04-18 00:30:00,2025-04-18 01:00:00,0,598,0,240
2025-04-18 00:00:00,2025-04-18 00:30:00,0,675,0,245
2025-04-17 23:30:00,2025-04-18 00:00:00,0,635,0,270
2025-04-17 23:00:00,2025-04-17 23:30:00,0,679,0,309
2025-04-17 22:30:00,2025-04-17 23:00:00,0,683,0,283
2025-04-17 22:00:00,2025-04-17 22:30:00,0,719,0,312
2025-04-17 21:30:00,2025-04-17 22:00:00,0,771,0,332
2025-04-17 21:00:00,2025-04-17 21:30:00,0,877,0,375
2025-04-17 20:30:00,2025-04-17 21:00:00,0,704,0,301
2025-04-17 20:00:00,2025-04-17 20:30:00,0,711,0,276
2025-04-17 19:30:00,2025-04-17 20:00:00,0,761,0,303
2025-04-17 19:00:00,2025-04-17 19:30:00,0,858,0,363
2025-04-17 18:30:00,2025-04-17 19:00:00,0,762,0,327
2025-04-17 18:00:00,2025-04-17 18:30:00,0,664,0,255
2025-04-17 17:30:00,2025-04-17 18:00:00,0,717,0,302
2025-04-17 17:00:00,2025-04-17 17:30:00,0,803,0,317
2025-04-17 16:30:00,2025-04-17 17:00:00,0,870,0,394
2025-04-17 16:00:00,2025-04-17 16:30:00,0,704,0,287
2025-04-17 15:30:00,2025-04-17 16:00:00,0,713,0,290
2025-04-17 15:00:00,2025-04-17 15:30:00,0,719,0,297
2025-04-17 14:30:00,2025-04-17 15:00:00,0,700,0,288
2025-04-17 14:00:00,2025-04-17 14:30:00,0,794,0,338
2025-04-17 13:30:00,2025-04-17 14:00:00,0,851,0,381
2025-04-17 13:00:00,2025-04-17 13:30:00,0,717,0,298
2025-04-17 12:30:00,2025-04-17 13:00:00,0,683,0,280
2025-04-17 12:00:00,2025-04-17 12:30:00,0,717,0,303
2025-04-17 11:30:00,2025-04-17 12:00:00,0,875,0,369
2025-04-17 11:00:00,2025-04-17 11:30:00,0,936,0,399
2025-04-17 10:30:00,2025-04-17 11:00:00,0,718,0,293
2025-04-17 10:00:00,2025-04-17 10:30:00,0,737,0,305
2025-04-17 09:30:00,2025-04-17 10:00:00,0,764,0,314
2025-04-17 09:00:00,2025-04-17 09:30:00,0,933,0,397
2025-04-17 08:30:00,2025-04-17 09:00:00,0,894,0,387
2025-04-17 08:00:00,2025-04-17 08:30:00,0,723,0,283
2025-04-17 07:30:00,2025-04-17 08:00:00,0,690,0,272
2025-04-17 07:00:00,2025-04-17 07:30:00,0,669,0,281
2025-04-17 06:30:00,2025-04-17 07:00:00,0,748,0,302
2025-04-17 06:00:00,2025-04-17 06:30:00,0,804,0,324
2025-04-17 05:30:00,2025-04-17 06:00:00,0,677,0,284
2025-04-17 05:00:00,2025-04-17 05:30:00,0,638,0,274
2025-04-17 04:30:00,2025-04-17 05:00:00,0,637,0,242
2025-04-17 04:00:00,2025-04-17 04:30:00,0,760,0,325
2025-04-17 03:30:00,2025-04-17 04:00:00,0,812,0,351
2025-04-17 03:00:00,2025-04-17 03:30:00,0,693,0,295
2025-04-17 02:30:00,2025-04-17 03:00:00,0,631,0,270
2025-04-17 02:00:00,2025-04-17 02:30:00,0,690,0,288
2025-04-17 01:30:00,2025-04-17 02:00:00,0,793,0,344
2025-04-17 01:00:00,2025-04-17 01:30:00,0,723,0,303
2025-04-17 00:30:00,2025-04-17 01:00:00,0,618,0,248
2025-04-17 00:00:00,2025-04-17 00:30:00,0,621,0,249
2025-04-16 23:30:00,2025-04-17 00:00:00,0,607,0,238
2025-04-16 23:00:00,2025-04-16 23:30:00,0,655,0,257
2025-04-16 22:30:00,2025-04-16 23:00:00,0,613,0,226
2025-04-16 22:00:00,2025-04-16 22:30:00,0,700,0,276
2025-04-16 21:30:00,2025-04-16 22:00:00,0,731,0,307
2025-04-16 21:00:00,2025-04-16 21:30:00,0,633,0,243
2025-04-16 20:30:00,2025-04-16 21:00:00,0,587,0,219
2025-04-16 20:00:00,2025-04-16 20:30:00,0,682,0,286
2025-04-16 19:30:00,2025-04-16 20:00:00,0,788,0,333
2025-04-16 19:00:00,2025-04-16 19:30:00,0,715,0,282
2025-04-16 18:30:00,2025-04-16 19:00:00,0,635,0,258
2025-04-16 18:00:00,2025-04-16 18:30:00,0,654,0,237
2025-04-16 17:30:00,2025-04-16 18:00:00,0,653,0,261
2025-04-16 17:00:00,2025-04-16 17:30:00,0,645,0,258
2025-04-16 16:30:00,2025-04-16 17:00:00,0,672,0,261
2025-04-16 16:00:00,2025-04-16 16:30:00,0,667,0,262
2025-04-16 15:30:00,2025-04-16 16:00:00,0,678,0,260
2025-04-16 15:00:00,2025-04-16 15:30:00,0,687,0,262
2025-04-16 14:30:00,2025-04-16 15:00:00,0,734,0,309
2025-04-16 14:00:00,2025-04-16 14:30:00,0,722,0,275
2025-04-16 13:30:00,2025-04-16 14:00:00,0,843,0,354
2025-04-16 13:00:00,2025-04-16 13:30:00,0,789,0,337
2025-04-16 12:30:00,2025-04-16 13:00:00,0,642,0,262
2025-04-16 12:00:00,2025-04-16 12:30:00,0,711,0,299
2025-04-16 11:30:00,2025-04-16 12:00:00,0,770,0,319
2025-04-16 11:00:00,2025-04-16 11:30:00,0,847,0,330
2025-04-16 10:30:00,2025-04-16 11:00:00,0,810,0,344
2025-04-16 10:00:00,2025-04-16 10:30:00,0,671,0,267
2025-04-16 09:30:00,2025-04-16 10:00:00,0,724,0,300
2025-04-16 09:00:00,2025-04-16 09:30:00,0,749,0,303
2025-04-16 08:30:00,2025-04-16 09:00:00,0,858,0,351
2025-04-16 08:00:00,2025-04-16 08:30:00,0,774,0,304
2025-04-16 07:30:00,2025-04-16 08:00:00,0,653,0,240
2025-04-16 07:00:00,2025-04-16 07:30:00,0,698,0,282
2025-04-16 06:30:00,2025-04-16 07:00:00,0,783,0,327
2025-04-16 06:00:00,2025-04-16 06:30:00,0,768,0,336
2025-04-16 05:30:00,2025-04-16 06:00:00,0,652,0,257
2025-04-16 05:00:00,2025-04-16 05:30:00,0,637,0,263
2025-04-16 04:30:00,2025-04-16 05:00:00,0,643,0,281
2025-04-16 04:00:00,2025-04-16 04:30:00,0,610,0,260
2025-04-16 03:30:00,2025-04-16 04:00:00,0,687,0,272
2025-04-16 03:00:00,2025-04-16 03:30:00,0,779,0,311
2025-04-16 02:30:00,2025-04-16 03:00:00,0,653,0,263
2025-04-16 02:00:00,2025-04-16 02:30:00,0,640,0,282
2025-04-16 01:30:00,2025-04-16 02:00:00,0,610,0,247
2025-04-16 01:00:00,2025-04-16 01:30:00,0,641,0,246
2025-04-16 00:30:00,2025-04-16 01:00:00,0,774,0,337
2025-04-16 00:00:00,2025-04-16 00:30:00,0,676,0,288
2025-04-15 23:30:00,2025-04-16 00:00:00,0,614,0,265
2025-04-15 23:00:00,2025-04-15 23:30:00,0,639,0,253
2025-04-15 22:30:00,2025-04-15 23:00:00,0,735,0,316
2025-04-15 22:00:00,2025-04-15 22:30:00,0,799,0,347
2025-04-15 21:30:00,2025-04-15 22:00:00,0,641,0,253
2025-04-15 21:00:00,2025-04-15 21:30:00,0,653,0,260
2025-04-15 20:30:00,2025-04-15 21:00:00,0,664,0,281
2025-04-15 20:00:00,2025-04-15 20:30:00,0,780,0,324
2025-04-15 19:30:00,2025-04-15 20:00:00,0,724,0,308
2025-04-15 19:00:00,2025-04-15 19:30:00,0,611,0,261
2025-04-15 18:30:00,2025-04-15 19:00:00,0,588,0,234
2025-04-15 18:00:00,2025-04-15 18:30:00,0,690,0,294
2025-04-15 17:30:00,2025-04-15 18:00:00,0,761,0,336
2025-04-15 17:00:00,2025-04-15 17:30:00,0,698,0,313
2025-04-15 16:30:00,2025-04-15 17:00:00,0,574,0,227
2025-04-15 16:00:00,2025-04-15 16:30:00,0,618,0,252
2025-04-15 15:30:00,2025-04-15 16:00:00,0,661,0,248
2025-04-15 15:00:00,2025-04-15 15:30:00,0,674,0,241
2025-04-15 14:30:00,2025-04-15 15:00:00,0,813,0,305
2025-04-15 14:00:00,2025-04-15 14:30:00,0,784,0,324
2025-04-15 13:30:00,2025-04-15 14:00:00,0,688,0,290
2025-04-15 13:00:00,2025-04-15 13:30:00,0,621,0,253
2025-04-15 12:30:00,2025-04-15 13:00:00,0,700,0,278
2025-04-15 12:00:00,2025-04-15 12:30:00,0,824,0,341
2025-04-15 11:30:00,2025-04-15 12:00:00,0,759,0,306
2025-04-15 11:00:00,2025-04-15 11:30:00,0,697,0,272
2025-04-15 10:30:00,2025-04-15 11:00:00,0,743,0,304
2025-04-15 10:00:00,2025-04-15 10:30:00,0,732,0,297
2025-04-15 09:30:00,2025-04-15 10:00:00,0,784,0,315
2025-04-15 09:00:00,2025-04-15 09:30:00,0,747,0,303
2025-04-15 08:30:00,2025-04-15 09:00:00,0,759,0,315
2025-04-15 08:00:00,2025-04-15 08:30:00,0,750,0,285
2025-04-15 07:30:00,2025-04-15 08:00:00,0,779,0,335
2025-04-15 07:00:00,2025-04-15 07:30:00,0,836,0,336
2025-04-15 06:30:00,2025-04-15 07:00:00,0,872,0,353
2025-04-15 06:00:00,2025-04-15 06:30:00,0,745,0,324
2025-04-15 05:30:00,2025-04-15 06:00:00,0,722,0,305
2025-04-15 05:00:00,2025-04-15 05:30:00,0,771,0,314
2025-04-15 04:30:00,2025-04-15 05:00:00,0,851,0,340
2025-04-15 04:00:00,2025-04-15 04:30:00,0,822,0,355
2025-04-15 03:30:00,2025-04-15 04:00:00,0,720,0,302
2025-04-15 03:00:00,2025-04-15 03:30:00,0,739,0,300
2025-04-15 02:30:00,2025-04-15 03:00:00,0,844,0,347
2025-04-15 02:00:00,2025-04-15 02:30:00,0,829,0,362
2025-04-15 01:30:00,2025-04-15 02:00:00,0,752,0,313
2025-04-15 01:00:00,2025-04-15 01:30:00,0,719,0,296
2025-04-15 00:30:00,2025-04-15 01:00:00,0,790,0,310
2025-04-15 00:00:00,2025-04-15 00:30:00,0,850,0,356
2025-04-14 23:30:00,2025-04-15 00:00:00,0,810,0,352
2025-04-14 23:00:00,2025-04-14 23:30:00,0,723,0,307
2025-04-14 22:30:00,2025-04-14 23:00:00,0,717,0,301
2025-04-14 22:00:00,2025-04-14 22:30:00,0,740,0,311
2025-04-14 21:30:00,2025-04-14 22:00:00,0,746,0,297
2025-04-14 21:00:00,2025-04-14 21:30:00,0,888,0,369
2025-04-14 20:30:00,2025-04-14 21:00:00,0,806,0,344
2025-04-14 20:00:00,2025-04-14 20:30:00,0,698,0,269
2025-04-14 19:30:00,2025-04-14 20:00:00,0,755,0,291
2025-04-14 19:00:00,2025-04-14 19:30:00,0,799,0,319
2025-04-14 18:30:00,2025-04-14 19:00:00,0,863,0,369
2025-04-14 18:00:00,2025-04-14 18:30:00,0,697,0,300
2025-04-14 17:30:00,2025-04-14 18:00:00,0,694,0,286
2025-04-14 17:00:00,2025-04-14 17:30:00,0,703,0,282
2025-04-14 16:30:00,2025-04-14 17:00:00,0,706,0,276
2025-04-14 16:00:00,2025-04-14 16:30:00,0,814,0,325
2025-04-14 15:30:00,2025-04-14 16:00:00,0,658,0,258
2025-04-14 15:00:00,2025-04-14 15:30:00,0,630,0,267
2025-04-14 14:30:00,2025-04-14 15:00:00,0,602,0,253
2025-04-14 14:00:00,2025-04-14 14:30:00,0,645,0,261
2025-04-14 13:30:00,2025-04-14 14:00:00,0,650,0,245
2025-04-14 13:00:00,2025-04-14 13:30:00,0,694,0,292
2025-04-14 12:30:00,2025-04-14 13:00:00,0,607,0,244
2025-04-14 12:00:00,2025-04-14 12:30:00,0,646,0,278
2025-04-14 11:30:00,2025-04-14 12:00:00,0,642,0,276
2025-04-14 11:00:00,2025-04-14 11:30:00,0,601,0,241
2025-04-14 10:30:00,2025-04-14 11:00:00,0,680,0,270
2025-04-14 10:00:00,2025-04-14 10:30:00,0,617,0,269
2025-04-14 09:30:00,2025-04-14 10:00:00,0,675,0,275
2025-04-14 09:00:00,2025-04-14 09:30:00,0,700,0,295
2025-04-14 08:30:00,2025-04-14 09:00:00,0,733,0,298
2025-04-14 08:00:00,2025-04-14 08:30:00,0,674,0,271
2025-04-14 07:30:00,2025-04-14 08:00:00,0,592,0,253
2025-04-14 07:00:00,2025-04-14 07:30:00,0,624,0,273
2025-04-14 06:30:00,2025-04-14 07:00:00,0,639,0,241
2025-04-14 06:00:00,2025-04-14 06:30:00,0,748,0,343
2025-04-14 05:30:00,2025-04-14 06:00:00,0,605,0,281
2025-04-14 05:00:00,2025-04-14 05:30:00,0,577,0,256
2025-04-14 04:30:00,2025-04-14 05:00:00,0,622,0,249
2025-04-14 04:00:00,2025-04-14 04:30:00,0,588,0,232
2025-04-14 03:30:00,2025-04-14 04:00:00,0,699,0,271
2025-04-14 03:00:00,2025-04-14 03:30:00,0,700,0,301
2025-04-14 02:30:00,2025-04-14 03:00:00,0,587,0,232
2025-04-14 02:00:00,2025-04-14 02:30:00,0,611,0,246
2025-04-14 01:30:00,2025-04-14 02:00:00,0,634,0,245
2025-04-14 01:00:00,2025-04-14 01:30:00,0,768,0,308
2025-04-14 00:30:00,2025-04-14 01:00:00,0,666,0,271
2025-04-14 00:00:00,2025-04-14 00:30:00,0,607,0,230
2025-04-13 23:30:00,2025-04-14 00:00:00,0,613,0,229
2025-04-13 23:00:00,2025-04-13 23:30:00,0,702,0,273
2025-04-13 22:30:00,2025-04-13 23:00:00,0,711,0,299
2025-04-13 22:00:00,2025-04-13 22:30:00,0,600,0,240
2025-04-13 21:30:00,2025-04-13 22:00:00,0,592,0,215
2025-04-13 21:00:00,2025-04-13 21:30:00,0,604,0,226
2025-04-13 20:30:00,2025-04-13 21:00:00,0,750,0,320
2025-04-13 20:00:00,2025-04-13 20:30:00,0,696,0,287
2025-04-13 19:30:00,2025-04-13 20:00:00,0,569,0,239
2025-04-13 19:00:00,2025-04-13 19:30:00,0,560,0,211
2025-04-13 18:30:00,2025-04-13 19:00:00,0,665,0,261
2025-04-13 18:00:00,2025-04-13 18:30:00,0,643,0,261
2025-04-13 17:30:00,2025-04-13 18:00:00,0,619,0,268
2025-04-13 17:00:00,2025-04-13 17:30:00,0,544,0,230
2025-04-13 16:30:00,2025-04-13 17:00:00,0,551,0,228
2025-04-13 16:00:00,2025-04-13 16:30:00,0,542,0,216
2025-04-13 15:30:00,2025-04-13 16:00:00,0,534,0,209
2025-04-13 15:00:00,2025-04-13 15:30:00,0,556,0,222
2025-04-13 14:30:00,2025-04-13 15:00:00,0,506,0,213
2025-04-13 14:00:00,2025-04-13 14:30:00,0,512,0,196
2025-04-13 13:30:00,2025-04-13 14:00:00,0,585,0,242
2025-04-13 13:00:00,2025-04-13 13:30:00,0,627,0,245
2025-04-13 12:30:00,2025-04-13 13:00:00,0,588,0,246
2025-04-13 12:00:00,2025-04-13 12:30:00,0,495,0,210
2025-04-13 11:30:00,2025-04-13 12:00:00,0,599,0,248
2025-04-13 11:00:00,2025-04-13 11:30:00,0,612,0,249
2025-04-13 10:30:00,2025-04-13 11:00:00,0,680,0,315
2025-04-13 10:00:00,2025-04-13 10:30:00,0,618,0,265
2025-04-13 09:30:00,2025-04-13 10:00:00,0,578,0,262
2025-04-13 09:00:00,2025-04-13 09:30:00,0,638,0,292
2025-04-13 08:30:00,2025-04-13 09:00:00,0,640,0,260
2025-04-13 08:00:00,2025-04-13 08:30:00,0,655,0,261
2025-04-13 07:30:00,2025-04-13 08:00:00,0,633,0,287
2025-04-13 07:00:00,2025-04-13 07:30:00,0,645,0,276
2025-04-13 06:30:00,2025-04-13 07:00:00,0,653,0,263
2025-04-13 06:00:00,2025-04-13 06:30:00,0,750,0,329
2025-04-13 05:30:00,2025-04-13 06:00:00,0,728,0,316
2025-04-13 05:00:00,2025-04-13 05:30:00,0,700,0,305
2025-04-13 04:30:00,2025-04-13 05:00:00,0,759,0,305
2025-04-13 04:00:00,2025-04-13 04:30:00,0,732,0,295
2025-04-13 03:30:00,2025-04-13 04:00:00,0,876,0,339
2025-04-13 03:00:00,2025-04-13 03:30:00,0,844,0,339
2025-04-13 02:30:00,2025-04-13 03:00:00,0,873,0,336
2025-04-13 02:00:00,2025-04-13 02:30:00,0,829,0,322
2025-04-13 01:30:00,2025-04-13 02:00:00,0,888,0,362
2025-04-13 01:00:00,2025-04-13 01:30:00,0,840,0,355
2025-04-13 00:30:00,2025-04-13 01:00:00,0,1042,0,417
2025-04-13 00:00:00,2025-04-13 00:30:00,0,1208,0,488
2025-04-12 23:30:00,2025-04-13 00:00:00,0,1219,0,486
2025-04-12 23:00:00,2025-04-12 23:30:00,0,1124,0,420
2025-04-12 22:30:00,2025-04-12 23:00:00,0,1095,0,424
2025-04-12 22:00:00,2025-04-12 22:30:00,0,1173,0,444
2025-04-12 21:30:00,2025-04-12 22:00:00,0,1096,0,393
2025-04-12 21:00:00,2025-04-12 21:30:00,0,1109,0,436
2025-04-12 20:30:00,2025-04-12 21:00:00,0,1221,0,483
2025-04-12 20:00:00,2025-04-12 20:30:00,0,1364,0,541
2025-04-12 19:30:00,2025-04-12 20:00:00,0,1133,0,456
2025-04-12 19:00:00,2025-04-12 19:30:00,0,1074,0,439
2025-04-12 18:30:00,2025-04-12 19:00:00,0,1097,0,438
2025-04-12 18:00:00,2025-04-12 18:30:00,0,1295,0,504
2025-04-12 17:30:00,2025-04-12 18:00:00,0,1424,0,557
2025-04-12 17:00:00,2025-04-12 17:30:00,0,1032,0,396
2025-04-12 16:30:00,2025-04-12 17:00:00,0,980,0,368
2025-04-12 16:00:00,2025-04-12 16:30:00,0,1061,0,438
2025-04-12 15:30:00,2025-04-12 16:00:00,0,1259,0,502
2025-04-12 15:00:00,2025-04-12 15:30:00,0,1211,0,478
2025-04-12 14:30:00,2025-04-12 15:00:00,0,1076,0,438
2025-04-12 14:00:00,2025-04-12 14:30:00,0,959,0,364
2025-04-12 13:30:00,2025-04-12 14:00:00,0,914,0,361
2025-04-12 13:00:00,2025-04-12 13:30:00,0,1216,0,479
2025-04-12 12:30:00,2025-04-12 13:00:00,0,1342,0,537
2025-04-12 12:00:00,2025-04-12 12:30:00,0,1046,0,396
2025-04-12 11:30:00,2025-04-12 12:00:00,0,986,0,387
2025-04-12 11:00:00,2025-04-12 11:30:00,0,983,0,371
2025-04-12 10:30:00,2025-04-12 11:00:00,0,1286,0,503
2025-04-12 10:00:00,2025-04-12 10:30:00,0,1151,0,441
2025-04-12 09:30:00,2025-04-12 10:00:00,0,912,0,359
2025-04-12 09:00:00,2025-04-12 09:30:00,0,855,0,344
2025-04-12 08:30:00,2025-04-12 09:00:00,0,1063,0,421
2025-04-12 08:00:00,2025-04-12 08:30:00,0,879,0,340
2025-04-12 07:30:00,2025-04-12 08:00:00,0,839,0,333
2025-04-12 07:00:00,2025-04-12 07:30:00,0,567,0,232
2025-04-12 06:30:00,2025-04-12 07:00:00,0,524,0,219
2025-04-12 06:00:00,2025-04-12 06:30:00,0,643,0,263
2025-04-12 05:30:00,2025-04-12 06:00:00,0,798,0,310
2025-04-12 05:00:00,2025-04-12 05:30:00,0,691,0,266
2025-04-12 04:30:00,2025-04-12 05:00:00,0,623,0,253
2025-04-12 04:00:00,2025-04-12 04:30:00,0,588,0,243
2025-04-12 03:30:00,2025-04-12 04:00:00,0,778,0,302
2025-04-12 03:00:00,2025-04-12 03:30:00,0,890,0,344
2025-04-12 02:30:00,2025-04-12 03:00:00,0,850,0,334
2025-04-12 02:00:00,2025-04-12 02:30:00,0,831,0,327
2025-04-12 01:30:00,2025-04-12 02:00:00,0,858,0,333
2025-04-12 01:00:00,2025-04-12 01:30:00,0,838,0,315
2025-04-12 00:30:00,2025-04-12 01:00:00,0,900,0,346
2025-04-12 00:00:00,2025-04-12 00:30:00,0,881,0,333
2025-04-11 23:30:00,2025-04-12 00:00:00,0,899,0,347
2025-04-11 23:00:00,2025-04-11 23:30:00,0,944,0,358
2025-04-11 22:30:00,2025-04-11 23:00:00,0,968,0,380
2025-04-11 22:00:00,2025-04-11 22:30:00,0,859,0,339
2025-04-11 21:30:00,2025-04-11 22:00:00,0,884,0,325
2025-04-11 21:00:00,2025-04-11 21:30:00,0,948,0,372
2025-04-11 20:30:00,2025-04-11 21:00:00,0,956,0,367
2025-04-11 20:00:00,2025-04-11 20:30:00,0,1054,0,407
2025-04-11 19:30:00,2025-04-11 20:00:00,0,861,0,320
2025-04-11 19:00:00,2025-04-11 19:30:00,0,852,0,322
2025-04-11 18:30:00,2025-04-11 19:00:00,0,899,0,346
2025-04-11 18:00:00,2025-04-11 18:30:00,0,902,0,362
2025-04-11 17:30:00,2025-04-11 18:00:00,0,915,0,358
2025-04-11 17:00:00,2025-04-11 17:30:00,0,1053,0,397
2025-04-11 16:30:00,2025-04-11 17:00:00,0,944,0,353
2025-04-11 16:00:00,2025-04-11 16:30:00,0,928,0,346
2025-04-11 15:30:00,2025-04-11 16:00:00,0,1020,0,385
2025-04-11 15:00:00,2025-04-11 15:30:00,0,991,0,374
2025-04-11 14:30:00,2025-04-11 15:00:00,0,1068,0,393
2025-04-11 14:00:00,2025-04-11 14:30:00,0,943,0,351
2025-04-11 13:30:00,2025-04-11 14:00:00,0,891,0,343
2025-04-11 13:00:00,2025-04-11 13:30:00,0,941,0,369
2025-04-11 12:30:00,2025-04-11 13:00:00,0,939,0,363
2025-04-11 12:00:00,2025-04-11 12:30:00,0,904,0,329
2025-04-11 11:30:00,2025-04-11 12:00:00,0,1071,0,396
2025-04-11 11:00:00,2025-04-11 11:30:00,0,883,0,325
2025-04-11 10:30:00,2025-04-11 11:00:00,0,846,0,304
2025-04-11 10:00:00,2025-04-11 10:30:00,0,837,0,298
2025-04-11 09:30:00,2025-04-11 10:00:00,0,835,0,306
2025-04-11 09:00:00,2025-04-11 09:30:00,0,832,0,299
2025-04-11 08:30:00,2025-04-11 09:00:00,0,676,0,253
2025-04-11 08:00:00,2025-04-11 08:30:00,0,673,0,242
2025-04-11 07:30:00,2025-04-11 08:00:00,0,885,0,318
2025-04-11 07:00:00,2025-04-11 07:30:00,0,763,0,287
2025-04-11 06:30:00,2025-04-11 07:00:00,0,596,0,231
2025-04-11 06:00:00,2025-04-11 06:30:00,0,597,0,234
2025-04-11 05:30:00,2025-04-11 06:00:00,0,728,0,284
2025-04-11 05:00:00,2025-04-11 05:30:00,0,913,0,352
2025-04-11 04:30:00,2025-04-11 05:00:00,0,742,0,293
2025-04-11 04:00:00,2025-04-11 04:30:00,0,676,0,258
2025-04-11 03:30:00,2025-04-11 04:00:00,0,666,0,261
2025-04-11 03:00:00,2025-04-11 03:30:00,0,687,0,267
2025-04-11 02:30:00,2025-04-11 03:00:00,0,663,0,269
2025-04-11 02:00:00,2025-04-11 02:30:00,0,702,0,281
2025-04-11 01:30:00,2025-04-11 02:00:00,0,740,0,293
2025-04-11 01:00:00,2025-04-11 01:30:00,0,786,0,325
2025-04-11 00:30:00,2025-04-11 01:00:00,0,674,0,282
2025-04-11 00:00:00,2025-04-11 00:30:00,0,775,0,274
2025-04-10 23:30:00,2025-04-11 00:00:00,0,822,0,311
2025-04-10 23:00:00,2025-04-10 23:30:00,0,833,0,320
2025-04-10 22:30:00,2025-04-10 23:00:00,0,721,0,283
2025-04-10 22:00:00,2025-04-10 22:30:00,0,720,0,285
2025-04-10 21:30:00,2025-04-10 22:00:00,0,793,0,306
2025-04-10 21:00:00,2025-04-10 21:30:00,0,697,0,275
2025-04-10 20:30:00,2025-04-10 21:00:00,0,738,0,284
2025-04-10 20:00:00,2025-04-10 20:30:00,0,860,0,322
2025-04-10 19:30:00,2025-04-10 20:00:00,0,828,0,313
2025-04-10 19:00:00,2025-04-10 19:30:00,0,734,0,289
2025-04-10 18:30:00,2025-04-10 19:00:00,0,695,0,269
2025-04-10 18:00:00,2025-04-10 18:30:00,0,803,0,322
2025-04-10 17:30:00,2025-04-10 18:00:00,0,760,0,290
2025-04-10 17:00:00,2025-04-10 17:30:00,0,749,0,289
2025-04-10 16:30:00,2025-04-10 17:00:00,0,831,0,300
2025-04-10 16:00:00,2025-04-10 16:30:00,0,834,0,314
2025-04-10 15:30:00,2025-04-10 16:00:00,0,955,0,372
2025-04-10 15:00:00,2025-04-10 15:30:00,0,840,0,333
2025-04-10 14:30:00,2025-04-10 15:00:00,0,752,0,261
2025-04-10 14:00:00,2025-04-10 14:30:00,0,668,0,246
2025-04-10 13:30:00,2025-04-10 14:00:00,0,713,0,258
2025-04-10 13:00:00,2025-04-10 13:30:00,0,674,0,248
2025-04-10 12:30:00,2025-04-10 13:00:00,0,697,0,250
2025-04-10 12:00:00,2025-04-10 12:30:00,0,735,0,263
2025-04-10 11:30:00,2025-04-10 12:00:00,0,651,0,239
2025-04-10 11:00:00,2025-04-10 11:30:00,0,715,0,260
2025-04-10 10:30:00,2025-04-10 11:00:00,0,667,0,249
2025-04-10 10:00:00,2025-04-10 10:30:00,0,640,0,241
2025-04-10 09:30:00,2025-04-10 10:00:00,0,735,0,276
2025-04-10 09:00:00,2025-04-10 09:30:00,0,674,0,253
2025-04-10 08:30:00,2025-04-10 09:00:00,0,788,0,278
2025-04-10 08:00:00,2025-04-10 08:30:00,0,738,0,269
2025-04-10 07:30:00,2025-04-10 08:00:00,0,797,0,286
2025-04-10 07:00:00,2025-04-10 07:30:00,0,755,0,290
2025-04-10 06:30:00,2025-04-10 07:00:00,0,723,0,283
2025-04-10 06:00:00,2025-04-10 06:30:00,0,734,0,282
2025-04-10 05:30:00,2025-04-10 06:00:00,0,750,0,295
2025-04-10 05:00:00,2025-04-10 05:30:00,0,740,0,293
2025-04-10 04:30:00,2025-04-10 05:00:00,0,759,0,302
2025-04-10 04:00:00,2025-04-10 04:30:00,0,741,0,303
2025-04-10 03:30:00,2025-04-10 04:00:00,0,717,0,296
2025-04-10 03:00:00,2025-04-10 03:30:00,0,892,0,349
2025-04-10 02:30:00,2025-04-10 03:00:00,0,1015,0,406
2025-04-10 02:00:00,2025-04-10 02:30:00,0,808,0,314
2025-04-10 01:30:00,2025-04-10 02:00:00,0,695,0,271
2025-04-10 01:00:00,2025-04-10 01:30:00,0,693,0,266
2025-04-10 00:30:00,2025-04-10 01:00:00,0,716,0,277
2025-04-10 00:00:00,2025-04-10 00:30:00,0,668,0,246
2025-04-09 23:30:00,2025-04-10 00:00:00,0,663,0,266
2025-04-09 23:00:00,2025-04-09 23:30:00,0,755,0,286
2025-04-09 22:30:00,2025-04-09 23:00:00,0,867,0,334
2025-04-09 22:00:00,2025-04-09 22:30:00,0,929,0,337
2025-04-09 21:30:00,2025-04-09 22:00:00,0,757,0,284
2025-04-09 21:00:00,2025-04-09 21:30:00,0,556,0,219
2025-04-09 20:30:00,2025-04-09 21:00:00,0,591,0,225
2025-04-09 20:00:00,2025-04-09 20:30:00,0,607,0,224
2025-04-09 19:30:00,2025-04-09 20:00:00,0,800,0,288
2025-04-09 19:00:00,2025-04-09 19:30:00,0,833,0,317
2025-04-09 18:30:00,2025-04-09 19:00:00,0,575,0,220
2025-04-09 18:00:00,2025-04-09 18:30:00,0,565,0,208
2025-04-09 17:30:00,2025-04-09 18:00:00,0,606,0,225
2025-04-09 17:00:00,2025-04-09 17:30:00,0,552,0,195
2025-04-09 16:30:00,2025-04-09 17:00:00,0,666,0,231
2025-04-09 16:00:00,2025-04-09 16:30:00,0,635,0,219
2025-04-09 15:30:00,2025-04-09 16:00:00,0,561,0,189
2025-04-09 15:00:00,2025-04-09 15:30:00,0,574,0,191
2025-04-09 14:30:00,2025-04-09 15:00:00,0,565,0,185
2025-04-09 14:00:00,2025-04-09 14:30:00,0,528,0,176
2025-04-09 13:30:00,2025-04-09 14:00:00,0,528,0,180
2025-04-09 13:00:00,2025-04-09 13:30:00,0,541,0,183
2025-04-09 12:30:00,2025-04-09 13:00:00,0,542,0,187
2025-04-09 12:00:00,2025-04-09 12:30:00,0,555,0,196
2025-04-09 11:30:00,2025-04-09 12:00:00,0,711,0,257
2025-04-09 11:00:00,2025-04-09 11:30:00,0,797,0,285
2025-04-09 10:30:00,2025-04-09 11:00:00,0,720,0,263
2025-04-09 10:00:00,2025-04-09 10:30:00,0,619,0,209
2025-04-09 09:30:00,2025-04-09 10:00:00,0,576,0,183
2025-04-09 09:00:00,2025-04-09 09:30:00,0,643,0,233
2025-04-09 08:30:00,2025-04-09 09:00:00,0,468,0,156
2025-04-09 08:00:00,2025-04-09 08:30:00,0,420,0,143
2025-04-09 07:30:00,2025-04-09 08:00:00,0,437,0,160
2025-04-09 07:00:00,2025-04-09 07:30:00,0,246,0,85
2025-04-09 06:30:00,2025-04-09 07:00:00,0,177,0,79
2025-04-09 06:00:00,2025-04-09 06:30:00,0,171,0,79
2025-04-09 05:30:00,2025-04-09 06:00:00,0,173,0,81
2025-04-09 05:00:00,2025-04-09 05:30:00,0,173,0,81
2025-04-09 04:30:00,2025-04-09 05:00:00,0,174,0,80
2025-04-09 04:00:00,2025-04-09 04:30:00,0,176,0,85
2025-04-09 03:30:00,2025-04-09 04:00:00,0,172,0,80
2025-04-09 03:00:00,2025-04-09 03:30:00,0,174,0,82
2025-04-09 02:30:00,2025-04-09 03:00:00,0,173,0,80
2025-04-09 02:00:00,2025-04-09 02:30:00,0,172,0,79
2025-04-09 01:30:00,2025-04-09 02:00:00,0,175,0,81
2025-04-09 01:00:00,2025-04-09 01:30:00,0,174,0,82
2025-04-09 00:30:00,2025-04-09 01:00:00,0,173,0,79
2025-04-09 00:00:00,2025-04-09 00:30:00,0,173,0,79
2025-04-08 23:30:00,2025-04-09 00:00:00,0,173,0,80
2025-04-08 23:00:00,2025-04-08 23:30:00,0,174,0,81
2025-04-08 22:30:00,2025-04-08 23:00:00,0,172,0,78
2025-04-08 22:00:00,2025-04-08 22:30:00,0,170,0,78
2025-04-08 21:30:00,2025-04-08 22:00:00,0,168,0,76
2025-04-08 21:00:00,2025-04-08 21:30:00,0,164,0,78
2025-04-08 20:30:00,2025-04-08 21:00:00,0,164,0,71
2025-04-08 20:00:00,2025-04-08 20:30:00,0,160,0,72
2025-04-08 19:30:00,2025-04-08 20:00:00,0,159,0,70
2025-04-08 19:00:00,2025-04-08 19:30:00,0,159,0,72
2025-04-08 18:30:00,2025-04-08 19:00:00,0,156,0,65
2025-04-08 18:00:00,2025-04-08 18:30:00,0,161,0,70
2025-04-08 17:30:00,2025-04-08 18:00:00,0,166,0,70
2025-04-08 17:00:00,2025-04-08 17:30:00,0,192,0,68
2025-04-08 16:30:00,2025-04-08 17:00:00,0,206,0,66
2025-04-08 16:00:00,2025-04-08 16:30:00,0,204,0,65
2025-04-08 15:30:00,2025-04-08 16:00:00,0,218,0,72
2025-04-08 15:00:00,2025-04-08 15:30:00,0,223,0,73
2025-04-08 14:30:00,2025-04-08 15:00:00,0,228,0,76
2025-04-08 14:00:00,2025-04-08 14:30:00,0,231,0,77
2025-04-08 13:30:00,2025-04-08 14:00:00,0,222,0,67
2025-04-08 13:00:00,2025-04-08 13:30:00,0,225,0,71
2025-04-08 12:30:00,2025-04-08 13:00:00,0,233,0,80
2025-04-08 12:00:00,2025-04-08 12:30:00,0,185,0,68
2025-04-08 11:30:00,2025-04-08 12:00:00,0,158,0,64
2025-04-08 11:00:00,2025-04-08 11:30:00,0,155,0,61
2025-04-08 10:30:00,2025-04-08 11:00:00,0,152,0,59
2025-04-08 10:00:00,2025-04-08 10:30:00,0,148,0,56
2025-04-08 09:30:00,2025-04-08 10:00:00,0,151,0,57
2025-04-08 09:00:00,2025-04-08 09:30:00,0,158,0,58
2025-04-08 08:30:00,2025-04-08 09:00:00,0,163,0,60
2025-04-08 08:00:00,2025-04-08 08:30:00,0,162,0,58
2025-04-08 07:30:00,2025-04-08 08:00:00,0,158,0,57
2025-04-08 07:00:00,2025-04-08 07:30:00,0,156,0,62
2025-04-08 06:30:00,2025-04-08 07:00:00,0,135,0,61
2025-04-08 06:00:00,2025-04-08 06:30:00,0,130,0,62
2025-04-08 05:30:00,2025-04-08 06:00:00,0,132,0,65
2025-04-08 05:00:00,2025-04-08 05:30:00,0,133,0,66
2025-04-08 04:30:00,2025-04-08 05:00:00,0,133,0,66
2025-04-08 04:00:00,2025-04-08 04:30:00,0,135,0,66
2025-04-08 03:30:00,2025-04-08 04:00:00,0,134,0,65
2025-04-08 03:00:00,2025-04-08 03:30:00,0,132,0,63
2025-04-08 02:30:00,2025-04-08 03:00:00,0,132,0,63
2025-04-08 02:00:00,2025-04-08 02:30:00,0,134,0,64
2025-04-08 01:30:00,2025-04-08 02:00:00,0,141,0,69
2025-04-08 01:00:00,2025-04-08 01:30:00,0,138,0,67
2025-04-08 00:30:00,2025-04-08 01:00:00,0,140,0,65
2025-04-08 00:00:00,2025-04-08 00:30:00,0,146,0,68
2025-04-07 23:30:00,2025-04-08 00:00:00,0,155,0,69
2025-04-07 23:00:00,2025-04-07 23:30:00,0,227,0,90
2025-04-07 22:30:00,2025-04-07 23:00:00,0,398,0,138
2025-04-07 22:00:00,2025-04-07 22:30:00,0,442,0,178
2025-04-07 21:30:00,2025-04-07 22:00:00,0,432,0,173
2025-04-07 21:00:00,2025-04-07 21:30:00,0,591,0,220
2025-04-07 20:30:00,2025-04-07 21:00:00,0,811,0,291
2025-04-07 20:00:00,2025-04-07 20:30:00,0,913,0,314
2025-04-07 19:30:00,2025-04-07 20:00:00,0,898,0,312
2025-04-07 19:00:00,2025-04-07 19:30:00,0,896,0,316
2025-04-07 18:30:00,2025-04-07 19:00:00,0,894,0,314
2025-04-07 18:00:00,2025-04-07 18:30:00,0,908,0,331
2025-04-07 17:30:00,2025-04-07 18:00:00,0,944,0,343
2025-04-07 17:00:00,2025-04-07 17:30:00,0,957,0,343
2025-04-07 16:30:00,2025-04-07 17:00:00,0,959,0,327
2025-04-07 16:00:00,2025-04-07 16:30:00,0,1231,0,436
2025-04-07 15:30:00,2025-04-07 16:00:00,0,1152,0,417
2025-04-07 15:00:00,2025-04-07 15:30:00,0,1106,0,392
2025-04-07 14:30:00,2025-04-07 15:00:00,0,1038,0,357
2025-04-07 14:00:00,2025-04-07 14:30:00,0,954,0,343
2025-04-07 13:30:00,2025-04-07 14:00:00,0,717,0,251
2025-04-07 13:00:00,2025-04-07 13:30:00,0,725,0,252
2025-04-07 12:30:00,2025-04-07 13:00:00,0,684,0,228
2025-04-07 12:00:00,2025-04-07 12:30:00,0,877,0,310
2025-04-07 11:30:00,2025-04-07 12:00:00,0,1016,0,365
2025-04-07 11:00:00,2025-04-07 11:30:00,0,935,0,342
2025-04-07 10:30:00,2025-04-07 11:00:00,0,946,0,341
2025-04-07 10:00:00,2025-04-07 10:30:00,0,959,0,353
2025-04-07 09:30:00,2025-04-07 10:00:00,0,991,0,351
2025-04-07 09:00:00,2025-04-07 09:30:00,0,1054,0,394
2025-04-07 08:30:00,2025-04-07 09:00:00,0,948,0,334
2025-04-07 08:00:00,2025-04-07 08:30:00,0,953,0,336
2025-04-07 07:30:00,2025-04-07 08:00:00,0,951,0,335
2025-04-07 07:00:00,2025-04-07 07:30:00,0,1002,0,371
2025-04-07 06:30:00,2025-04-07 07:00:00,0,1026,0,395
2025-04-07 06:00:00,2025-04-07 06:30:00,0,896,0,339
2025-04-07 05:30:00,2025-04-07 06:00:00,0,931,0,360
2025-04-07 05:00:00,2025-04-07 05:30:00,0,956,0,363
2025-04-07 04:30:00,2025-04-07 05:00:00,0,1024,0,393
2025-04-07 04:00:00,2025-04-07 04:30:00,0,989,0,378
2025-04-07 03:30:00,2025-04-07 04:00:00,0,923,0,354
2025-04-07 03:00:00,2025-04-07 03:30:00,0,958,0,370
2025-04-07 02:30:00,2025-04-07 03:00:00,0,959,0,367
2025-04-07 02:00:00,2025-04-07 02:30:00,0,1073,0,419
2025-04-07 01:30:00,2025-04-07 02:00:00,0,908,0,343
2025-04-07 01:00:00,2025-04-07 01:30:00,0,935,0,363
2025-04-07 00:30:00,2025-04-07 01:00:00,0,948,0,359
2025-04-07 00:00:00,2025-04-07 00:30:00,0,978,0,373
2025-04-06 23:30:00,2025-04-07 00:00:00,0,1078,0,406
2025-04-06 23:00:00,2025-04-06 23:30:00,0,924,0,351
2025-04-06 22:30:00,2025-04-06 23:00:00,0,950,0,362
2025-04-06 22:00:00,2025-04-06 22:30:00,0,933,0,354
2025-04-06 21:30:00,2025-04-06 22:00:00,0,1014,0,381
2025-04-06 21:00:00,2025-04-06 21:30:00,0,1017,0,395
2025-04-06 20:30:00,2025-04-06 21:00:00,0,944,0,355
2025-04-06 20:00:00,2025-04-06 20:30:00,0,925,0,354
2025-04-06 19:30:00,2025-04-06 20:00:00,0,986,0,370
2025-04-06 19:00:00,2025-04-06 19:30:00,0,958,0,350
2025-04-06 18:30:00,2025-04-06 19:00:00,0,835,0,307
2025-04-06 18:00:00,2025-04-06 18:30:00,0,826,0,295
2025-04-06 17:30:00,2025-04-06 18:00:00,0,778,0,274
2025-04-06 17:00:00,2025-04-06 17:30:00,0,793,0,292
2025-04-06 16:30:00,2025-04-06 17:00:00,0,839,0,319
2025-04-06 16:00:00,2025-04-06 16:30:00,0,763,0,279
2025-04-06 15:30:00,2025-04-06 16:00:00,0,806,0,300
2025-04-06 15:00:00,2025-04-06 15:30:00,0,763,0,287
2025-04-06 14:30:00,2025-04-06 15:00:00,0,768,0,284
2025-04-06 14:00:00,2025-04-06 14:30:00,0,871,0,320
2025-04-06 13:30:00,2025-04-06 14:00:00,0,572,0,219
2025-04-06 13:00:00,2025-04-06 13:30:00,0,567,0,206
2025-04-06 12:30:00,2025-04-06 13:00:00,0,623,0,240
2025-04-06 12:00:00,2025-04-06 12:30:00,0,814,0,288
2025-04-06 11:30:00,2025-04-06 12:00:00,0,806,0,296
2025-04-06 11:00:00,2025-04-06 11:30:00,0,614,0,229
2025-04-06 10:30:00,2025-04-06 11:00:00,0,664,0,246
2025-04-06 10:00:00,2025-04-06 10:30:00,0,654,0,245
2025-04-06 09:30:00,2025-04-06 10:00:00,0,703,0,275
2025-04-06 09:00:00,2025-04-06 09:30:00,0,681,0,265
2025-04-06 08:30:00,2025-04-06 09:00:00,0,686,0,256
2025-04-06 08:00:00,2025-04-06 08:30:00,0,762,0,276
2025-04-06 07:30:00,2025-04-06 08:00:00,0,754,0,268
2025-04-06 07:00:00,2025-04-06 07:30:00,0,763,0,279
2025-04-06 06:30:00,2025-04-06 07:00:00,0,723,0,280
2025-04-06 06:00:00,2025-04-06 06:30:00,0,861,0,330
2025-04-06 05:30:00,2025-04-06 06:00:00,0,962,0,373
2025-04-06 05:00:00,2025-04-06 05:30:00,0,728,0,283
2025-04-06 04:30:00,2025-04-06 05:00:00,0,725,0,277
2025-04-06 04:00:00,2025-04-06 04:30:00,0,709,0,277
2025-04-06 03:30:00,2025-04-06 04:00:00,0,926,0,358
2025-04-06 03:00:00,2025-04-06 03:30:00,0,911,0,355
2025-04-06 02:30:00,2025-04-06 03:00:00,0,764,0,295
2025-04-06 02:00:00,2025-04-06 02:30:00,0,712,0,281
2025-04-06 01:30:00,2025-04-06 02:00:00,0,719,0,278
2025-04-06 01:00:00,2025-04-06 01:30:00,0,823,0,315
2025-04-06 00:30:00,2025-04-06 01:00:00,0,998,0,381
2025-04-06 00:00:00,2025-04-06 00:30:00,0,846,0,327
2025-04-05 23:30:00,2025-04-06 00:00:00,0,733,0,278
2025-04-05 23:00:00,2025-04-05 23:30:00,0,763,0,298
2025-04-05 22:30:00,2025-04-05 23:00:00,0,730,0,272
2025-04-05 22:00:00,2025-04-05 22:30:00,0,938,0,351
2025-04-05 21:30:00,2025-04-05 22:00:00,0,948,0,363
2025-04-05 21:00:00,2025-04-05 21:30:00,0,780,0,293
2025-04-05 20:30:00,2025-04-05 21:00:00,0,717,0,258
2025-04-05 20:00:00,2025-04-05 20:30:00,0,728,0,270
2025-04-05 19:30:00,2025-04-05 20:00:00,0,726,0,264
2025-04-05 19:00:00,2025-04-05 19:30:00,0,933,0,349
2025-04-05 18:30:00,2025-04-05 19:00:00,0,937,0,359
2025-04-05 18:00:00,2025-04-05 18:30:00,0,721,0,276
2025-04-05 17:30:00,2025-04-05 18:00:00,0,706,0,268
2025-04-05 17:00:00,2025-04-05 17:30:00,0,743,0,284
2025-04-05 16:30:00,2025-04-05 17:00:00,0,977,0,371
2025-04-05 16:00:00,2025-04-05 16:30:00,0,812,0,311
2025-04-05 15:30:00,2025-04-05 16:00:00,0,749,0,273
2025-04-05 15:00:00,2025-04-05 15:30:00,0,709,0,270
2025-04-05 14:30:00,2025-04-05 15:00:00,0,779,0,292
2025-04-05 14:00:00,2025-04-05 14:30:00,0,996,0,375
2025-04-05 13:30:00,2025-04-05 14:00:00,0,812,0,306
2025-04-05 13:00:00,2025-04-05 13:30:00,0,730,0,263
2025-04-05 12:30:00,2025-04-05 13:00:00,0,707,0,264
2025-04-05 12:00:00,2025-04-05 12:30:00,0,816,0,299
2025-04-05 11:30:00,2025-04-05 12:00:00,0,921,0,347
2025-04-05 11:00:00,2025-04-05 11:30:00,0,706,0,248
2025-04-05 10:30:00,2025-04-05 11:00:00,0,707,0,247
2025-04-05 10:00:00,2025-04-05 10:30:00,0,711,0,240
2025-04-05 09:30:00,2025-04-05 10:00:00,0,712,0,250
2025-04-05 09:00:00,2025-04-05 09:30:00,0,697,0,234
2025-04-05 08:30:00,2025-04-05 09:00:00,0,669,0,229
2025-04-05 08:00:00,2025-04-05 08:30:00,0,789,0,268
2025-04-05 07:30:00,2025-04-05 08:00:00,0,811,0,282
2025-04-05 07:00:00,2025-04-05 07:30:00,0,611,0,221
2025-04-05 06:30:00,2025-04-05 07:00:00,0,605,0,228
2025-04-05 06:00:00,2025-04-05 06:30:00,0,649,0,244
2025-04-05 05:30:00,2025-04-05 06:00:00,0,914,0,350
2025-04-05 05:00:00,2025-04-05 05:30:00,0,808,0,312
2025-04-05 04:30:00,2025-04-05 05:00:00,0,642,0,240
2025-04-05 04:00:00,2025-04-05 04:30:00,0,704,0,262
2025-04-05 03:30:00,2025-04-05 04:00:00,0,750,0,282
2025-04-05 03:00:00,2025-04-05 03:30:00,0,747,0,292
2025-04-05 02:30:00,2025-04-05 03:00:00,0,742,0,286
2025-04-05 02:00:00,2025-04-05 02:30:00,0,885,0,341
2025-04-05 01:30:00,2025-04-05 02:00:00,0,708,0,273
2025-04-05 01:00:00,2025-04-05 01:30:00,0,802,0,313
2025-04-05 00:30:00,2025-04-05 01:00:00,0,800,0,317
2025-04-05 00:00:00,2025-04-05 00:30:00,0,758,0,295
2025-04-04 23:30:00,2025-04-05 00:00:00,0,924,0,355
2025-04-04 23:00:00,2025-04-04 23:30:00,0,923,0,361
2025-04-04 22:30:00,2025-04-04 23:00:00,0,756,0,289
2025-04-04 22:00:00,2025-04-04 22:30:00,0,739,0,284
2025-04-04 21:30:00,2025-04-04 22:00:00,0,749,0,290
2025-04-04 21:00:00,2025-04-04 21:30:00,0,930,0,355
2025-04-04 20:30:00,2025-04-04 21:00:00,0,904,0,349
2025-04-04 20:00:00,2025-04-04 20:30:00,0,711,0,274
2025-04-04 19:30:00,2025-04-04 20:00:00,0,721,0,266
2025-04-04 19:00:00,2025-04-04 19:30:00,0,748,0,279
2025-04-04 18:30:00,2025-04-04 19:00:00,0,1025,0,377
2025-04-04 18:00:00,2025-04-04 18:30:00,0,861,0,321
2025-04-04 17:30:00,2025-04-04 18:00:00,0,756,0,275
2025-04-04 17:00:00,2025-04-04 17:30:00,0,728,0,253
2025-04-04 16:30:00,2025-04-04 17:00:00,0,815,0,286
2025-04-04 16:00:00,2025-04-04 16:30:00,0,983,0,345
2025-04-04 15:30:00,2025-04-04 16:00:00,0,821,0,294
2025-04-04 15:00:00,2025-04-04 15:30:00,0,758,0,264
2025-04-04 14:30:00,2025-04-04 15:00:00,0,768,0,262
2025-04-04 14:00:00,2025-04-04 14:30:00,0,810,0,281
2025-04-04 13:30:00,2025-04-04 14:00:00,0,772,0,267
2025-04-04 13:00:00,2025-04-04 13:30:00,0,979,0,350
2025-04-04 12:30:00,2025-04-04 13:00:00,0,859,0,310
2025-04-04 12:00:00,2025-04-04 12:30:00,0,745,0,269
2025-04-04 11:30:00,2025-04-04 12:00:00,0,784,0,288
2025-04-04 11:00:00,2025-04-04 11:30:00,0,842,0,323
2025-04-04 10:30:00,2025-04-04 11:00:00,0,726,0,258
2025-04-04 10:00:00,2025-04-04 10:30:00,0,782,0,273
2025-04-04 09:30:00,2025-04-04 10:00:00,0,795,0,285
2025-04-04 09:00:00,2025-04-04 09:30:00,0,985,0,350
2025-04-04 08:30:00,2025-04-04 09:00:00,0,830,0,297
2025-04-04 08:00:00,2025-04-04 08:30:00,0,733,0,256
2025-04-04 07:30:00,2025-04-04 08:00:00,0,753,0,276
2025-04-04 07:00:00,2025-04-04 07:30:00,0,888,0,332
2025-04-04 06:30:00,2025-04-04 07:00:00,0,938,0,362
2025-04-04 06:00:00,2025-04-04 06:30:00,0,741,0,283
2025-04-04 05:30:00,2025-04-04 06:00:00,0,730,0,285
2025-04-04 05:00:00,2025-04-04 05:30:00,0,733,0,289
2025-04-04 04:30:00,2025-04-04 05:00:00,0,809,0,312
2025-04-04 04:00:00,2025-04-04 04:30:00,0,1014,0,396
2025-04-04 03:30:00,2025-04-04 04:00:00,0,742,0,286
2025-04-04 03:00:00,2025-04-04 03:30:00,0,722,0,286
2025-04-04 02:30:00,2025-04-04 03:00:00,0,754,0,296
2025-04-04 02:00:00,2025-04-04 02:30:00,0,825,0,311
2025-04-04 01:30:00,2025-04-04 02:00:00,0,951,0,362
2025-04-04 01:00:00,2025-04-04 01:30:00,0,733,0,288
2025-04-04 00:30:00,2025-04-04 01:00:00,0,696,0,261
2025-04-04 00:00:00,2025-04-04 00:30:00,0,676,0,246
2025-04-03 23:30:00,2025-04-04 00:00:00,0,693,0,258
2025-04-03 23:00:00,2025-04-03 23:30:00,0,778,0,291
2025-04-03 22:30:00,2025-04-03 23:00:00,0,913,0,343
2025-04-03 22:00:00,2025-04-03 22:30:00,0,837,0,305
2025-04-03 21:30:00,2025-04-03 22:00:00,0,650,0,232
2025-04-03 21:00:00,2025-04-03 21:30:00,0,556,0,195
2025-04-03 20:30:00,2025-04-03 21:00:00,0,520,0,182
2025-04-03 20:00:00,2025-04-03 20:30:00,0,530,0,186
2025-04-03 19:30:00,2025-04-03 20:00:00,0,772,0,269
2025-04-03 19:00:00,2025-04-03 19:30:00,0,746,0,274
2025-04-03 18:30:00,2025-04-03 19:00:00,0,612,0,211
2025-04-03 18:00:00,2025-04-03 18:30:00,0,572,0,218
2025-04-03 17:30:00,2025-04-03 18:00:00,0,517,0,191
2025-04-03 17:00:00,2025-04-03 17:30:00,0,606,0,219
2025-04-03 16:30:00,2025-04-03 17:00:00,0,530,0,194
2025-04-03 16:00:00,2025-04-03 16:30:00,0,619,0,229
2025-04-03 15:30:00,2025-04-03 16:00:00,0,561,0,209
2025-04-03 15:00:00,2025-04-03 15:30:00,0,353,0,125
2025-04-03 14:30:00,2025-04-03 15:00:00,0,356,0,126
2025-04-03 14:00:00,2025-04-03 14:30:00,0,378,0,131
2025-04-03 13:30:00,2025-04-03 14:00:00,0,362,0,122
2025-04-03 13:00:00,2025-04-03 13:30:00,0,358,0,126
2025-04-03 12:30:00,2025-04-03 13:00:00,0,352,0,130
2025-04-03 12:00:00,2025-04-03 12:30:00,0,370,0,150
2025-04-03 11:30:00,2025-04-03 12:00:00,0,325,0,117
2025-04-03 11:00:00,2025-04-03 11:30:00,0,331,0,112
2025-04-03 10:30:00,2025-04-03 11:00:00,0,339,0,115
2025-04-03 10:00:00,2025-04-03 10:30:00,0,328,0,113
2025-04-03 09:30:00,2025-04-03 10:00:00,0,327,0,111
2025-04-03 09:00:00,2025-04-03 09:30:00,0,323,0,109
2025-04-03 08:30:00,2025-04-03 09:00:00,0,345,0,113
2025-04-03 08:00:00,2025-04-03 08:30:00,0,254,0,79
2025-04-03 07:30:00,2025-04-03 08:00:00,0,158,0,44
2025-04-03 07:00:00,2025-04-03 07:30:00,0,132,0,45
2025-04-03 06:30:00,2025-04-03 07:00:00,0,114,0,49
2025-04-03 06:00:00,2025-04-03 06:30:00,0,92,0,49
2025-04-03 05:30:00,2025-04-03 06:00:00,0,94,0,54
2025-04-03 05:00:00,2025-04-03 05:30:00,0,91,0,52
2025-04-03 04:30:00,2025-04-03 05:00:00,0,94,0,52
2025-04-03 04:00:00,2025-04-03 04:30:00,0,92,0,51
2025-04-03 03:30:00,2025-04-03 04:00:00,0,90,0,51
2025-04-03 03:00:00,2025-04-03 03:30:00,0,93,0,51
2025-04-03 02:30:00,2025-04-03 03:00:00,0,92,0,53
2025-04-03 02:00:00,2025-04-03 02:30:00,0,92,0,54
2025-04-03 01:30:00,2025-04-03 02:00:00,0,92,0,54
2025-04-03 01:00:00,2025-04-03 01:30:00,0,93,0,53
2025-04-03 00:30:00,2025-04-03 01:00:00,0,92,0,53
2025-04-03 00:00:00,2025-04-03 00:30:00,0,93,0,53
2025-04-02 23:30:00,2025-04-03 00:00:00,0,92,0,53
2025-04-02 23:00:00,2025-04-02 23:30:00,0,91,0,51
2025-04-02 22:30:00,2025-04-02 23:00:00,0,93,0,53
2025-04-02 22:00:00,2025-04-02 22:30:00,0,91,0,52
2025-04-02 21:30:00,2025-04-02 22:00:00,0,89,0,53
2025-04-02 21:00:00,2025-04-02 21:30:00,0,92,0,56
2025-04-02 20:30:00,2025-04-02 21:00:00,0,96,0,60
2025-04-02 20:00:00,2025-04-02 20:30:00,0,87,0,49
2025-04-02 19:30:00,2025-04-02 20:00:00,0,82,0,43
2025-04-02 19:00:00,2025-04-02 19:30:00,0,80,0,44
2025-04-02 18:30:00,2025-04-02 19:00:00,0,80,0,45
2025-04-02 18:00:00,2025-04-02 18:30:00,0,75,0,41
2025-04-02 17:30:00,2025-04-02 18:00:00,0,74,0,42
2025-04-02 17:00:00,2025-04-02 17:30:00,0,74,0,41
2025-04-02 16:30:00,2025-04-02 17:00:00,0,74,0,40
2025-04-02 16:00:00,2025-04-02 16:30:00,0,73,0,39
2025-04-02 15:30:00,2025-04-02 16:00:00,0,74,0,39
2025-04-02 15:00:00,2025-04-02 15:30:00,0,75,0,40
2025-04-02 14:30:00,2025-04-02 15:00:00,0,74,0,39
2025-04-02 14:00:00,2025-04-02 14:30:00,0,75,0,38
2025-04-02 13:30:00,2025-04-02 14:00:00,0,73,0,36
2025-04-02 13:00:00,2025-04-02 13:30:00,0,75,0,38
2025-04-02 12:30:00,2025-04-02 13:00:00,0,75,0,39
2025-04-02 12:00:00,2025-04-02 12:30:00,0,77,0,39
2025-04-02 11:30:00,2025-04-02 12:00:00,0,77,0,41
2025-04-02 11:00:00,2025-04-02 11:30:00,0,76,0,39
2025-04-02 10:30:00,2025-04-02 11:00:00,0,82,0,37
2025-04-02 10:00:00,2025-04-02 10:30:00,0,82,0,36
2025-04-02 09:30:00,2025-04-02 10:00:00,0,81,0,35
2025-04-02 09:00:00,2025-04-02 09:30:00,0,79,0,35
2025-04-02 08:30:00,2025-04-02 09:00:00,0,80,0,33
2025-04-02 08:00:00,2025-04-02 08:30:00,0,81,0,33
2025-04-02 07:30:00,2025-04-02 08:00:00,0,75,0,35
2025-04-02 07:00:00,2025-04-02 07:30:00,0,89,0,42
2025-04-02 06:30:00,2025-04-02 07:00:00,0,88,0,45
2025-04-02 06:00:00,2025-04-02 06:30:00,0,91,0,49
2025-04-02 05:30:00,2025-04-02 06:00:00,0,91,0,50
2025-04-02 05:00:00,2025-04-02 05:30:00,0,91,0,51
2025-04-02 04:30:00,2025-04-02 05:00:00,0,94,0,55
2025-04-02 04:00:00,2025-04-02 04:30:00,0,93,0,54
2025-04-02 03:30:00,2025-04-02 04:00:00,0,93,0,55
2025-04-02 03:00:00,2025-04-02 03:30:00,0,93,0,53
2025-04-02 02:30:00,2025-04-02 03:00:00,0,93,0,53
2025-04-02 02:00:00,2025-04-02 02:30:00,0,91,0,51
2025-04-02 01:30:00,2025-04-02 02:00:00,0,93,0,52
2025-04-02 01:00:00,2025-04-02 01:30:00,0,96,0,55
2025-04-02 00:30:00,2025-04-02 01:00:00,0,93,0,55
2025-04-02 00:00:00,2025-04-02 00:30:00,0,93,0,55
2025-04-01 23:30:00,2025-04-02 00:00:00,0,92,0,53
2025-04-01 23:00:00,2025-04-01 23:30:00,0,94,0,54
2025-04-01 22:30:00,2025-04-01 23:00:00,0,92,0,53
2025-04-01 22:00:00,2025-04-01 22:30:00,0,94,0,54
2025-04-01 21:30:00,2025-04-01 22:00:00,0,92,0,53
2025-04-01 21:00:00,2025-04-01 21:30:00,0,87,0,50
2025-04-01 20:30:00,2025-04-01 21:00:00,0,86,0,45
2025-04-01 20:00:00,2025-04-01 20:30:00,0,86,0,45
2025-04-01 19:30:00,2025-04-01 20:00:00,0,84,0,43
2025-04-01 19:00:00,2025-04-01 19:30:00,0,84,0,44
2025-04-01 18:30:00,2025-04-01 19:00:00,0,81,0,46
2025-04-01 18:00:00,2025-04-01 18:30:00,0,75,0,42
2025-04-01 17:30:00,2025-04-01 18:00:00,0,76,0,42
2025-04-01 17:00:00,2025-04-01 17:30:00,0,77,0,41
2025-04-01 16:30:00,2025-04-01 17:00:00,0,75,0,41
2025-04-01 16:00:00,2025-04-01 16:30:00,0,76,0,39
2025-04-01 15:30:00,2025-04-01 16:00:00,0,75,0,38
2025-04-01 15:00:00,2025-04-01 15:30:00,0,76,0,38
2025-04-01 14:30:00,2025-04-01 15:00:00,0,76,0,39
2025-04-01 14:00:00,2025-04-01 14:30:00,0,79,0,39
2025-04-01 13:30:00,2025-04-01 14:00:00,0,76,0,39
2025-04-01 13:00:00,2025-04-01 13:30:00,0,76,0,38
2025-04-01 12:30:00,2025-04-01 13:00:00,0,75,0,37
2025-04-01 12:00:00,2025-04-01 12:30:00,0,75,0,37
2025-04-01 11:30:00,2025-04-01 12:00:00,0,75,0,38
2025-04-01 11:00:00,2025-04-01 11:30:00,0,76,0,37
2025-04-01 10:30:00,2025-04-01 11:00:00,0,74,0,35
2025-04-01 10:00:00,2025-04-01 10:30:00,0,73,0,37
2025-04-01 09:30:00,2025-04-01 10:00:00,0,74,0,36
2025-04-01 09:00:00,2025-04-01 09:30:00,0,73,0,39
2025-04-01 08:30:00,2025-04-01 09:00:00,0,74,0,37
2025-04-01 08:00:00,2025-04-01 08:30:00,0,75,0,38
2025-04-01 07:30:00,2025-04-01 08:00:00,0,76,0,39
2025-04-01 07:00:00,2025-04-01 07:30:00,0,88,0,45
2025-04-01 06:30:00,2025-04-01 07:00:00,0,91,0,50
2025-04-01 06:00:00,2025-04-01 06:30:00,0,91,0,50
2025-04-01 05:30:00,2025-04-01 06:00:00,0,93,0,53
2025-04-01 05:00:00,2025-04-01 05:30:00,0,93,0,53
2025-04-01 04:30:00,2025-04-01 05:00:00,0,93,0,54
2025-04-01 04:00:00,2025-04-01 04:30:00,0,93,0,53
2025-04-01 03:30:00,2025-04-01 04:00:00,0,93,0,52
2025-04-01 03:00:00,2025-04-01 03:30:00,0,96,0,52
2025-04-01 02:30:00,2025-04-01 03:00:00,0,92,0,50
2025-04-01 02:00:00,2025-04-01 02:30:00,0,95,0,54
2025-04-01 01:30:00,2025-04-01 02:00:00,0,94,0,54
2025-04-01 01:00:00,2025-04-01 01:30:00,0,93,0,53
2025-04-01 00:30:00,2025-04-01 01:00:00,0,94,0,53
2025-04-01 00:00:00,2025-04-01 00:30:00,0,94,0,55
