Meter Type,Main Meter,Main Meter,Main Meter,Main Meter
Date / End Time,kW Export,kW Import,kVAR Export,kVAR Import
01/01/2026 00:30:00,0,46.15834,3.4729,0
01/01/2026 01:00:00,0,44.3305,4.76314,0
01/01/2026 01:30:00,0,45.653,4.2793,0
01/01/2026 02:00:00,0,45.73902,4.23092,0
01/01/2026 02:30:00,0,44.61006,4.58036,0
01/01/2026 03:00:00,0,45.78202,3.88148,0
01/01/2026 03:30:00,0,46.08308,3.27936,0
01/01/2026 04:00:00,0,45.91104,3.2471,0
01/01/2026 04:30:00,0,46.49166,3.05356,0
01/01/2026 05:00:00,0,45.86804,3.37612,0
01/01/2026 05:30:00,0,46.02932,3.2471,0
01/01/2026 06:00:00,0,46.84646,2.688,0.01076
01/01/2026 06:30:00,0,45.49172,3.30086,0
01/01/2026 07:00:00,0,45.57774,3.4514,0
01/01/2026 07:30:00,0,44.44878,3.58042,0
01/01/2026 08:00:00,0,50.40538,2.78476,5.11258
01/01/2026 08:30:00,0,124.99202,0,56.35124
01/01/2026 09:00:00,0,127.44348,0,55.50184
01/01/2026 09:30:00,0,124.48668,0,53.30842
01/01/2026 10:00:00,0,126.71234,0,53.81376
01/01/2026 10:30:00,0,126.32526,0,52.71706
01/01/2026 11:00:00,0,131.3142,0,56.14696
01/01/2026 11:30:00,0,134.47528,0,59.50158
01/01/2026 12:00:00,0,128.6047,0,56.86734
01/01/2026 12:30:00,0,126.45428,0,57.08238
01/01/2026 13:00:00,0,124.25012,0,55.42656
01/01/2026 13:30:00,0,129.77666,0,57.95328
01/01/2026 14:00:00,0,135.5935,0,60.1682
01/01/2026 14:30:00,0,134.21186,0,59.3618
01/01/2026 15:00:00,0,132.43778,0,57.65222
01/01/2026 15:30:00,0,125.28232,0,52.36224
01/01/2026 16:00:00,0,136.88372,0,60.7488
01/01/2026 16:30:00,0,97.06906,0,39.63188
01/01/2026 17:00:00,0,66.75918,0.87092,14.09588
01/01/2026 17:30:00,0,43.54022,4.65562,0
01/01/2026 18:00:00,0,44.85734,4.02124,0
01/01/2026 18:30:00,0,44.22298,4.92442,0
01/01/2026 19:00:00,0,43.40584,5.46202,0
01/01/2026 19:30:00,0,43.8359,5.9566,0
01/01/2026 20:00:00,0,44.63156,5.78458,0
01/01/2026 20:30:00,0,45.8788,4.96742,0
01/01/2026 21:00:00,0,45.49172,4.51584,0.01076
01/01/2026 21:30:00,0,46.40564,4.13952,0
01/01/2026 22:00:00,0,46.49166,4.21478,0
01/01/2026 22:30:00,0,46.28736,4.11264,0
01/01/2026 23:00:00,0,45.1369,4.16102,0
01/01/2026 23:30:00,0,46.20136,3.75244,0
01/02/2026 00:00:00,0,46.53466,3.56966,0
01/02/2026 00:30:00,0,45.62074,3.29012,0
01/02/2026 01:00:00,0,46.17984,3.66644,0
01/02/2026 01:30:00,0,46.2336,3.60192,0
01/02/2026 02:00:00,0,45.37344,3.55892,0
01/02/2026 02:30:00,0,46.06158,2.9138,0
01/02/2026 03:00:00,0,46.80346,2.60736,0
01/02/2026 03:30:00,0,45.73902,2.688,0
01/02/2026 04:00:00,0,46.44864,2.69876,0
01/02/2026 04:30:00,0,46.88948,2.52672,0
01/02/2026 05:00:00,0,45.82504,3.1826,0
01/02/2026 05:30:00,0,46.76046,2.5536,0.01076
01/02/2026 06:00:00,0,47.17978,2.40844,0
01/02/2026 06:30:00,0,44.9111,3.5159,0
01/02/2026 07:00:00,0,52.0612,3.11808,0.52684
01/02/2026 07:30:00,0,65.40442,0.15052,2.18266
01/02/2026 08:00:00,0,84.98382,0.0215,8.8489
01/02/2026 08:30:00,0,189.1277,0,67.5602
01/02/2026 09:00:00,0,200.5034,0,69.0601
01/02/2026 09:30:00,0,194.2779,0,58.5124
01/02/2026 10:00:00,0,193.9446,0,57.40494
01/02/2026 10:30:00,0,215.298,0,68.28596
01/02/2026 11:00:00,0,218.4806,0,74.22106
01/02/2026 11:30:00,0,213.6852,0,72.31796
01/02/2026 12:00:00,0,214.2874,0,74.9307
01/02/2026 12:30:00,0,212.1908,0,73.77486
01/02/2026 13:00:00,0,145.19502,0,44.24448
01/02/2026 13:30:00,0,133.64738,0,40.85224
01/02/2026 14:00:00,0,129.65838,0,38.71258
01/02/2026 14:30:00,0,132.66894,0,37.76102
01/02/2026 15:00:00,0,159.83926,0,44.36276
01/02/2026 15:30:00,0,176.7414,0,53.76
01/02/2026 16:00:00,0,190.805,0,55.80288
01/02/2026 16:30:00,0,173.95664,0,48.68506
01/02/2026 17:00:00,0,178.14992,0,55.00724
01/02/2026 17:30:00,0,174.99958,0,52.373
01/02/2026 18:00:00,0,150.80758,0,47.0615
01/02/2026 18:30:00,0,134.0237,0,41.58874
01/02/2026 19:00:00,0,117.20756,0,38.89
01/02/2026 19:30:00,0,63.97442,0.07526,8.16076
01/02/2026 20:00:00,0,52.00744,2.21492,0
01/02/2026 20:30:00,0,45.1154,3.23636,0.01076
01/02/2026 21:00:00,0,44.05096,4.661,0
01/02/2026 21:30:00,0,43.31982,4.47284,0
01/02/2026 22:00:00,0,44.42726,3.84922,0
01/02/2026 22:30:00,0,44.39502,3.23636,0
01/02/2026 23:00:00,0,44.76058,3.1826,0
01/02/2026 23:30:00,0,43.88968,3.42988,0
01/03/2026 00:00:00,0,44.29824,5.32762,0
01/03/2026 00:30:00,0,43.7499,5.42976,0
01/03/2026 01:00:00,0,44.90036,5.23622,0
01/03/2026 01:30:00,0,43.7714,5.23622,0
01/03/2026 02:00:00,0,43.54022,5.23622,0
01/03/2026 02:30:00,0,45.02938,4.24704,0
01/03/2026 03:00:00,0,44.1047,4.15028,0
01/03/2026 03:30:00,0,44.5778,3.87072,0
01/03/2026 04:00:00,0,44.8251,3.88148,0
01/03/2026 04:30:00,0,44.3735,3.7202,0
01/03/2026 05:00:00,0,44.8466,3.2686,0
01/03/2026 05:30:00,0,44.96488,3.46214,0
01/03/2026 06:00:00,0,45.28742,3.09658,0
01/03/2026 06:30:00,0,43.85742,3.63418,0
01/03/2026 07:00:00,0,44.69606,3.97824,0
01/03/2026 07:30:00,0,42.50266,4.63412,0
01/03/2026 08:00:00,0,47.99694,3.64492,3.73094
01/03/2026 08:30:00,0,105.14382,0,35.27732
01/03/2026 09:00:00,0,107.33724,0,37.93306
01/03/2026 09:30:00,0,107.06842,0,38.01908
01/03/2026 10:00:00,0,108.22964,0,39.84692
01/03/2026 10:30:00,0,109.79944,0,38.89
01/03/2026 11:00:00,0,113.02504,0,38.56742
01/03/2026 11:30:00,0,112.08962,0,38.933
01/03/2026 12:00:00,0,117.47636,0,44.5348
01/03/2026 12:30:00,0,121.9062,0,48.55604
01/03/2026 13:00:00,0,120.72348,0,48.59904
01/03/2026 13:30:00,0,121.23958,0,47.68512
01/03/2026 14:00:00,0,121.4546,0,47.2443
01/03/2026 14:30:00,0,117.50862,0,44.12622
01/03/2026 15:00:00,0,120.88476,0,46.30886
01/03/2026 15:30:00,0,119.69128,0,45.82504
01/03/2026 16:00:00,0,119.63752,0,44.99712
01/03/2026 16:30:00,0,117.56238,0,44.52404
01/03/2026 17:00:00,0,118.36878,0,46.02932
01/03/2026 17:30:00,0,119.7558,0,47.45934
01/03/2026 18:00:00,0,118.50856,0,47.00774
01/03/2026 18:30:00,0,111.43374,0,40.59956
01/03/2026 19:00:00,0,106.77812,0,37.22342
01/03/2026 19:30:00,0,58.17908,0.13978,8.03174
01/03/2026 20:00:00,0,49.03988,2.7095,0
01/03/2026 20:30:00,0,45.01864,1.54828,0.01076
01/03/2026 21:00:00,0,44.8466,1.301,0.0215
01/03/2026 21:30:00,0,44.71758,1.53754,0.09676
01/03/2026 22:00:00,0,44.38426,3.55892,0
01/03/2026 22:30:00,0,43.34132,3.34388,0
01/03/2026 23:00:00,0,45.00788,2.47296,0
01/03/2026 23:30:00,0,45.06164,2.36544,0
01/04/2026 00:00:00,0,43.16928,4.32768,0
01/04/2026 00:30:00,0,43.70688,4.90292,0
01/04/2026 01:00:00,0,43.76064,4.37606,0
01/04/2026 01:30:00,0,44.45952,3.68794,0
01/04/2026 02:00:00,0,42.93274,4.23092,0
01/04/2026 02:30:00,0,43.93806,3.73094,0
01/04/2026 03:00:00,0,44.1047,3.52666,0
01/04/2026 03:30:00,0,43.69614,3.1826,0
01/04/2026 04:00:00,0,44.6208,2.90304,0
01/04/2026 04:30:00,0,43.42734,3.44064,0
01/04/2026 05:00:00,0,44.71758,2.731,0
01/04/2026 05:30:00,0,44.8681,2.67724,0.01076
01/04/2026 06:00:00,0,44.90036,2.65574,0
01/04/2026 06:30:00,0,44.73908,2.25792,0
01/04/2026 07:00:00,0,42.30912,3.2041,0
01/04/2026 07:30:00,0,43.86816,2.4622,0
01/04/2026 08:00:00,0,48.47002,1.62356,2.9138
01/04/2026 08:30:00,0,105.63842,0,41.56724
01/04/2026 09:00:00,0,115.2292,0,45.9648
01/04/2026 09:30:00,0,114.97116,0,45.80352
01/04/2026 10:00:00,0,116.885,0,46.17984
01/04/2026 10:30:00,0,116.33666,0,44.80358
01/04/2026 11:00:00,0,116.25064,0,44.5993
01/04/2026 11:30:00,0,116.18612,0,44.45952
01/04/2026 12:00:00,0,116.90652,0,44.58856
01/04/2026 12:30:00,0,115.71304,0,45.05088
01/04/2026 13:00:00,0,116.0786,0,44.73908
01/04/2026 13:30:00,0,117.22906,0,44.76058
01/04/2026 14:00:00,0,115.70228,0,42.35214
01/04/2026 14:30:00,0,114.22926,0,40.80384
01/04/2026 15:00:00,0,115.16468,0,42.35214
01/04/2026 15:30:00,0,107.73506,0,35.36334
01/04/2026 16:00:00,0,87.95138,0,25.8263
01/04/2026 16:30:00,0,51.53434,1.387,1.8386
01/04/2026 17:00:00,0,42.9865,3.94598,0
01/04/2026 17:30:00,0,42.28762,3.89222,0
01/04/2026 18:00:00,0,41.67476,3.65568,0
01/04/2026 18:30:00,0,42.16934,4.18252,0
01/04/2026 19:00:00,0,42.70158,4.47284,0
01/04/2026 19:30:00,0,42.57254,4.661,0
01/04/2026 20:00:00,0,42.83598,4.3223,0
01/04/2026 20:30:00,0,44.69606,3.87072,0
01/04/2026 21:00:00,0,44.5563,3.66644,0
01/04/2026 21:30:00,0,43.41658,3.52666,0
01/04/2026 22:00:00,0,44.66382,3.19334,0
01/04/2026 22:30:00,0,44.40576,3.07508,0
01/04/2026 23:00:00,0,43.7499,3.5374,0
01/04/2026 23:30:00,0,44.74984,3.39764,0
01/05/2026 00:00:00,0,44.16922,3.44064,0
01/05/2026 00:30:00,0,44.07246,2.84928,0.01076
01/05/2026 01:00:00,0,44.73908,2.22028,0
01/05/2026 01:30:00,0,43.68538,1.84934,0
01/05/2026 02:00:00,0,44.72832,1.72032,0.043
01/05/2026 02:30:00,0,43.45422,3.79546,0
01/05/2026 03:00:00,0,43.51872,3.59116,0
01/05/2026 03:30:00,0,45.30894,2.76326,0
01/05/2026 04:00:00,0,43.13702,3.11808,0
01/05/2026 04:30:00,0,44.85734,2.24716,0.01076
01/05/2026 05:00:00,0,44.48102,2.24716,0
01/05/2026 05:30:00,0,45.1154,2.18266,0
01/05/2026 06:00:00,0,44.9111,2.03212,0
01/05/2026 06:30:00,0,42.85748,3.62342,0
01/05/2026 07:00:00,0,51.46982,2.53748,1.23648
01/05/2026 07:30:00,0,65.30766,0.61286,1.32788
01/05/2026 08:00:00,0,82.4141,0,6.10714
01/05/2026 08:30:00,0,169.84936,0,52.9106
01/05/2026 09:00:00,0,190.1814,0,51.39456
01/05/2026 09:30:00,0,199.80444,0,52.21172
01/05/2026 10:00:00,0,210.1156,0,58.91022
01/05/2026 10:30:00,0,219.0936,0,60.63054
01/05/2026 11:00:00,0,220.5774,0,56.77056
01/05/2026 11:30:00,0,227.308,0,56.45876
01/05/2026 12:00:00,0,236.673,0,57.2329
01/05/2026 12:30:00,0,249.8766,0,60.35098
01/05/2026 13:00:00,0,247.597,0,60.63054
01/05/2026 13:30:00,0,245.2102,0,69.36654
01/05/2026 14:00:00,0,235.4796,0,68.44186
01/05/2026 14:30:00,0,253.5,0,71.61908
01/05/2026 15:00:00,0,255.5428,0,70.99546
01/05/2026 15:30:00,0,254.6074,0,70.46862
01/05/2026 16:00:00,0,250.8872,0,71.67284
01/05/2026 16:30:00,0,239.8018,0,71.83412
01/05/2026 17:00:00,0,243.0382,0,76.36072
01/05/2026 17:30:00,0,239.1568,0,78.12404
01/05/2026 18:00:00,0,185.0957,0,51.91066
01/05/2026 18:30:00,0,168.6989,0,46.80346
01/05/2026 19:00:00,0,138.45352,0,32.1915
01/05/2026 19:30:00,0,94.5531,0.05376,9.95636
01/05/2026 20:00:00,0,77.52194,0.83866,0.15052
01/05/2026 20:30:00,0,62.79168,1.41926,0.0215
01/05/2026 21:00:00,0,58.2436,1.47302,0.01076
01/05/2026 21:30:00,0,59.23278,0.96768,0.10752
01/05/2026 22:00:00,0,57.70598,1.12896,0.05376
01/05/2026 22:30:00,0,55.68462,3.08582,0.0215
01/05/2026 23:00:00,0,49.90004,3.79546,0
01/05/2026 23:30:00,0,49.33018,3.34388,0
01/06/2026 00:00:00,0,49.9968,3.58042,0
01/06/2026 00:30:00,0,51.22254,3.07508,0
01/06/2026 01:00:00,0,51.3193,3.09658,0
01/06/2026 01:30:00,0,50.43764,3.15034,0
01/06/2026 02:00:00,0,51.76014,2.23642,0.01076
01/06/2026 02:30:00,0,50.7387,2.40844,0
01/06/2026 03:00:00,0,50.7602,2.51596,0
01/06/2026 03:30:00,0,51.41606,3.56966,0
01/06/2026 04:00:00,0,50.7602,3.89222,0
01/06/2026 04:30:00,0,49.98606,3.5159,0
01/06/2026 05:00:00,0,51.45908,3.05356,0
01/06/2026 05:30:00,0,51.64186,2.9353,0
01/06/2026 06:00:00,0,50.21184,3.34388,0
01/06/2026 06:30:00,0,53.05038,3.46214,0
01/06/2026 07:00:00,0,58.14682,4.16102,0.12902
01/06/2026 07:30:00,0,77.96276,0.32794,1.47302
01/06/2026 08:00:00,0,99.74632,0.03226,7.85972
01/06/2026 08:30:00,0,191.43938,0,60.60904
01/06/2026 09:00:00,0,213.4594,0,68.56552
01/06/2026 09:30:00,0,231.426,0,66.36136
01/06/2026 10:00:00,0,234.9204,0,68.67304
01/06/2026 10:30:00,0,230.9208,0,68.8128
01/06/2026 11:00:00,0,242.6188,0,80.73678
01/06/2026 11:30:00,0,245.264,0,80.62926
01/06/2026 12:00:00,0,238.7804,0,80.8013
01/06/2026 12:30:00,0,244.2318,0,86.1988
01/06/2026 13:00:00,0,251.3172,0,87.86536
01/06/2026 13:30:00,0,237.4042,0,86.99982
01/06/2026 14:00:00,0,236.2214,0,85.19348
01/06/2026 14:30:00,0,242.4146,0,81.41952
01/06/2026 15:00:00,0,240.2104,0,77.22088
01/06/2026 15:30:00,0,235.6732,0,72.0384
01/06/2026 16:00:00,0,234.9098,0,70.44712
01/06/2026 16:30:00,0,237.1784,0,72.09218
01/06/2026 17:00:00,0,244.5972,0,72.90932
01/06/2026 17:30:00,0,243.6942,0,73.73184
01/06/2026 18:00:00,0,210.1478,0,62.22184
01/06/2026 18:30:00,0,195.2671,0,56.80282
01/06/2026 19:00:00,0,187.09556,0,55.98568
01/06/2026 19:30:00,0,172.51586,0,55.94266
01/06/2026 20:00:00,0,114.16474,0,28.10574
01/06/2026 20:30:00,0,88.1234,0,9.6123
01/06/2026 21:00:00,0,68.14618,0.10752,0.97844
01/06/2026 21:30:00,0,60.53376,1.74182,0.16128
01/06/2026 22:00:00,0,59.46932,2.60736,0
01/06/2026 22:30:00,0,58.25434,3.99974,0
01/06/2026 23:00:00,0,53.56648,4.06426,0
01/06/2026 23:30:00,0,52.19022,4.12876,0
01/07/2026 00:00:00,0,53.4267,3.37612,0
01/07/2026 00:30:00,0,53.09338,2.84928,0
01/07/2026 01:00:00,0,52.43752,3.73094,0
01/07/2026 01:30:00,0,53.43744,3.17184,0
01/07/2026 02:00:00,0,52.31924,3.27936,0
01/07/2026 02:30:00,0,53.1794,2.645,0
01/07/2026 03:00:00,0,53.45896,2.23642,0.01076
01/07/2026 03:30:00,0,52.25472,2.731,0
01/07/2026 04:00:00,0,53.52346,1.68806,0
01/07/2026 04:30:00,0,53.59872,2.32244,0
01/07/2026 05:00:00,0,52.98586,4.70938,0
01/07/2026 05:30:00,0,54.24384,4.6126,0
01/07/2026 06:00:00,0,52.84608,4.41908,0
01/07/2026 06:30:00,0,51.35156,5.10182,0
01/07/2026 07:00:00,0,59.3188,2.78476,0.65588
01/07/2026 07:30:00,0,73.26414,0.01076,3.16108
01/07/2026 08:00:00,0,99.33774,0,7.61242
01/07/2026 08:30:00,0,183.36464,0,55.51258
01/07/2026 09:00:00,0,212.5348,0,63.00672
01/07/2026 09:30:00,0,214.782,0,60.78106
01/07/2026 10:00:00,0,213.9648,0,57.67374
01/07/2026 10:30:00,0,214.3842,0,59.23278
01/07/2026 11:00:00,0,223.8136,0,60.25422
01/07/2026 11:30:00,0,218.7494,0,61.15738
01/07/2026 12:00:00,0,226.4048,0,68.26446
01/07/2026 12:30:00,0,232.7164,0,76.72628
01/07/2026 13:00:00,0,229.1144,0,75.6242
01/07/2026 13:30:00,0,225.577,0,73.81786
01/07/2026 14:00:00,0,225.4264,0,70.47938
01/07/2026 14:30:00,0,237.0816,0,69.32352
01/07/2026 15:00:00,0,247.7262,0,71.3019
01/07/2026 15:30:00,0,245.436,0,76.522
01/07/2026 16:00:00,0,233.8022,0,69.0601
01/07/2026 16:30:00,0,237.5332,0,71.90938
01/07/2026 17:00:00,0,237.6514,0,67.6032
01/07/2026 17:30:00,0,237.1462,0,63.72712
01/07/2026 18:00:00,0,194.44996,0,49.4807
01/07/2026 18:30:00,0,176.21456,0,45.9433
01/07/2026 19:00:00,0,167.98928,0,41.97582
01/07/2026 19:30:00,0,162.98958,0,37.69652
01/07/2026 20:00:00,0,163.29064,0,38.82548
01/07/2026 20:30:00,0,159.5167,0,38.26638
01/07/2026 21:00:00,0,151.91502,0,38.36314
01/07/2026 21:30:00,0,138.72232,0,37.80942
01/07/2026 22:00:00,0,123.12118,0,35.15904
01/07/2026 22:30:00,0,69.8235,0.27956,6.68774
01/07/2026 23:00:00,0,57.7705,3.5374,0
01/07/2026 23:30:00,0,54.72768,4.39756,0
01/08/2026 00:00:00,0,56.85658,3.7847,0
01/08/2026 00:30:00,0,56.06094,3.64492,0
01/08/2026 01:00:00,0,55.15776,3.75244,0
01/08/2026 01:30:00,0,55.0825,2.4192,0.01076
01/08/2026 02:00:00,0,52.77082,2.3762,0
01/08/2026 02:30:00,0,54.32986,1.72032,0
01/08/2026 03:00:00,0,52.42676,3.5159,0
01/08/2026 03:30:00,0,52.85684,3.92448,0
01/08/2026 04:00:00,0,50.82472,4.41908,0
01/08/2026 04:30:00,0,51.28704,4.35456,0
01/08/2026 05:00:00,0,51.5881,3.88148,0
01/08/2026 05:30:00,0,51.71712,3.92448,0
01/08/2026 06:00:00,0,51.73864,3.62342,0
01/08/2026 06:30:00,0,49.82478,5.05344,0
01/08/2026 07:00:00,0,59.20052,3.59116,0.66124
01/08/2026 07:30:00,0,70.56538,0.32794,2.4622
01/08/2026 08:00:00,0,105.98248,0,11.74118
01/08/2026 08:30:00,0,217.6528,0,84.44084
01/08/2026 09:00:00,0,229.5552,0,87.79546
01/08/2026 09:30:00,0,232.7164,0,82.71514
01/08/2026 10:00:00,0,247.8874,0,89.1986
01/08/2026 10:30:00,0,248.7906,0,99.13346
01/08/2026 11:00:00,0,252.2742,0,99.38074
01/08/2026 11:30:00,0,249.511,0,98.026
01/08/2026 12:00:00,0,245.6294,0,97.37012
01/08/2026 12:30:00,0,253.5106,0,101.14408
01/08/2026 13:00:00,0,249.1562,0,102.46658
01/08/2026 13:30:00,0,241.619,0,100.18714
01/08/2026 14:00:00,0,240.9738,0,99.06894
01/08/2026 14:30:00,0,254.3064,0,96.30568
01/08/2026 15:00:00,0,251.6506,0,95.81108
01/08/2026 15:30:00,0,249.9732,0,96.4777
01/08/2026 16:00:00,0,246.8336,0,94.87566
01/08/2026 16:30:00,0,245.5004,0,95.1337
01/08/2026 17:00:00,0,238.8558,0,92.55324
01/08/2026 17:30:00,0,232.1788,0,89.37064
01/08/2026 18:00:00,0,199.79368,0,80.0164
01/08/2026 18:30:00,0,180.32182,0,79.75834
01/08/2026 19:00:00,0,177.4833,0,75.39304
01/08/2026 19:30:00,0,169.05908,0,71.96314
01/08/2026 20:00:00,0,163.5272,0,71.85562
01/08/2026 20:30:00,0,162.19394,0,67.02798
01/08/2026 21:00:00,0,155.10836,0,63.082
01/08/2026 21:30:00,0,152.72144,0,58.2436
01/08/2026 22:00:00,0,150.02268,0,56.1147
01/08/2026 22:30:00,0,133.34632,0,44.66382
01/08/2026 23:00:00,0,74.29634,1.91386,7.39738
01/08/2026 23:30:00,0,53.36218,3.41914,0
01/09/2026 00:00:00,0,54.48038,2.05364,0.01076
01/09/2026 00:30:00,0,51.71712,2.86004,0
01/09/2026 01:00:00,0,50.56666,3.2686,0
01/09/2026 01:30:00,0,51.86766,2.731,0
01/09/2026 02:00:00,0,50.84622,2.69876,0
01/09/2026 02:30:00,0,51.69562,3.09658,0
01/09/2026 03:00:00,0,47.8249,5.04268,0
01/09/2026 03:30:00,0,48.26574,4.8599,0
01/09/2026 04:00:00,0,48.19048,4.20404,0
01/09/2026 04:30:00,0,48.35174,4.40832,0
01/09/2026 05:00:00,0,48.27648,4.06426,0
01/09/2026 05:30:00,0,48.8571,3.95674,0
01/09/2026 06:00:00,0,49.1474,3.94598,0
01/09/2026 06:30:00,0,47.43784,5.36524,0
01/09/2026 07:00:00,0,65.2539,0.95692,6.41894
01/09/2026 07:30:00,0,78.83368,0,12.48308
01/09/2026 08:00:00,0,108.22964,0,25.37472
01/09/2026 08:30:00,0,205.2558,0,77.80148
01/09/2026 09:00:00,0,232.4368,0,85.973
01/09/2026 09:30:00,0,232.3292,0,79.16698
01/09/2026 10:00:00,0,233.8022,0,80.0164
01/09/2026 10:30:00,0,231.5336,0,79.60782
01/09/2026 11:00:00,0,235.985,0,79.96264
01/09/2026 11:30:00,0,238.8342,0,78.21006
01/09/2026 12:00:00,0,236.5978,0,80.07554
01/09/2026 12:30:00,0,235.5764,0,84.8333
01/09/2026 13:00:00,0,228.523,0,85.7257
01/09/2026 13:30:00,0,224.1684,0,83.81186
01/09/2026 14:00:00,0,219.373,0,82.31732
01/09/2026 14:30:00,0,219.814,0,82.05928
01/09/2026 15:00:00,0,228.6628,0,80.67228
01/09/2026 15:30:00,0,230.8454,0,78.50036
01/09/2026 16:00:00,0,221.201,0,73.19964
01/09/2026 16:30:00,0,221.76,0,72.95234
01/09/2026 17:00:00,0,218.7172,0,74.26408
01/09/2026 17:30:00,0,208.5888,0,71.69434
01/09/2026 18:00:00,0,179.99926,0,65.42592
01/09/2026 18:30:00,0,153.38806,0,46.44864
01/09/2026 19:00:00,0,147.06048,0,42.36288
01/09/2026 19:30:00,0,146.1842,0,38.05134
01/09/2026 20:00:00,0,141.8404,0,38.1051
01/09/2026 20:30:00,0,136.10958,0,38.18036
01/09/2026 21:00:00,0,127.65852,0,36.79336
01/09/2026 21:30:00,0,131.71202,0,39.19104
01/09/2026 22:00:00,0,116.56244,0,32.09472
01/09/2026 22:30:00,0,65.16788,0,7.04256
01/09/2026 23:00:00,0,50.48064,3.31162,1.45152
01/09/2026 23:30:00,0,44.3735,4.73088,0
01/10/2026 00:00:00,0,44.83584,4.13952,0
01/10/2026 00:30:00,0,45.43796,3.48364,0
01/10/2026 01:00:00,0,44.76058,3.2471,0
01/10/2026 01:30:00,0,47.59912,2.56972,0
01/10/2026 02:00:00,0,46.12608,3.41914,0
01/10/2026 02:30:00,0,45.76052,5.43514,0
01/10/2026 03:00:00,0,46.83572,5.419,0
01/10/2026 03:30:00,0,45.3412,5.48352,0
01/10/2026 04:00:00,0,46.58842,4.90292,0
01/10/2026 04:30:00,0,47.13678,4.60186,0
01/10/2026 05:00:00,0,45.22292,5.02118,0
01/10/2026 05:30:00,0,47.08302,4.0535,0
01/10/2026 06:00:00,0,47.11526,4.5481,0
01/10/2026 06:30:00,0,46.49166,4.60186,0.01076
01/10/2026 07:00:00,0,46.34112,4.7954,0
01/10/2026 07:30:00,0,44.39502,4.9943,0.18278
01/10/2026 08:00:00,0,53.26542,0.32256,3.70944
01/10/2026 08:30:00,0,134.23874,0,65.94202
01/10/2026 09:00:00,0,137.96968,0,70.22132
01/10/2026 09:30:00,0,142.01244,0,73.28564
01/10/2026 10:00:00,0,139.9588,0,73.5867
01/10/2026 10:30:00,0,139.99106,0,74.1243
01/10/2026 11:00:00,0,141.06626,0,73.02222
01/10/2026 11:30:00,0,142.85646,0,74.9952
01/10/2026 12:00:00,0,140.90496,0,73.15662
01/10/2026 12:30:00,0,139.82978,0,73.81786
01/10/2026 13:00:00,0,142.8941,0,75.66184
01/10/2026 13:30:00,0,143.31344,0,75.29088
01/10/2026 14:00:00,0,145.07676,0,74.25332
01/10/2026 14:30:00,0,144.79182,0,72.36096
01/10/2026 15:00:00,0,143.98006,0,73.75872
01/10/2026 15:30:00,0,141.65762,0,74.26408
01/10/2026 16:00:00,0,141.70064,0,73.00608
01/10/2026 16:30:00,0,141.8404,0,72.88782
01/10/2026 17:00:00,0,141.17376,0,73.00608
01/10/2026 17:30:00,0,139.87278,0,73.03834
01/10/2026 18:00:00,0,140.16308,0,73.99528
01/10/2026 18:30:00,0,140.88346,0,73.64046
01/10/2026 19:00:00,0,92.4027,0,37.9223
01/10/2026 19:30:00,0,58.5124,0,12.3648
01/10/2026 20:00:00,0,47.19054,1.47302,3.58042
01/10/2026 20:30:00,0,44.67456,1.79558,0
01/10/2026 21:00:00,0,44.69606,2.22028,0.01076
01/10/2026 21:30:00,0,42.99726,4.2578,0
01/10/2026 22:00:00,0,42.56718,3.79546,0
01/10/2026 22:30:00,0,43.67462,3.29012,0
01/10/2026 23:00:00,0,43.34132,3.29012,0
01/10/2026 23:30:00,0,42.61556,3.35462,0
01/11/2026 00:00:00,0,43.54022,3.7847,0
01/11/2026 00:30:00,0,43.2553,3.69868,0
01/11/2026 01:00:00,0,42.53492,3.58042,0.01076
01/11/2026 01:30:00,0,43.76064,2.71488,0
01/11/2026 02:00:00,0,42.70158,3.73094,0
01/11/2026 02:30:00,0,43.34132,3.2471,0
01/11/2026 03:00:00,0,42.9435,3.17184,0
01/11/2026 03:30:00,0,43.2768,4.69862,0
01/11/2026 04:00:00,0,42.4704,4.87066,0
01/11/2026 04:30:00,0,42.91124,4.41908,0
01/11/2026 05:00:00,0,42.61556,4.33844,0
01/11/2026 05:30:00,0,43.49722,3.99974,0
01/11/2026 06:00:00,0,43.65312,4.0535,0
01/11/2026 06:30:00,0,43.7499,3.96748,0
01/11/2026 07:00:00,0,43.01338,3.67718,0
01/11/2026 07:30:00,0,40.4114,4.62336,0
01/11/2026 08:00:00,0,46.84646,1.76332,1.69882
01/11/2026 08:30:00,0,96.58522,0,33.50324
01/11/2026 09:00:00,0,115.8313,0,45.66374
01/11/2026 09:30:00,0,114.18626,0,43.30906
01/11/2026 10:00:00,0,115.2722,0,43.01338
01/11/2026 10:30:00,0,114.49806,0,42.35214
01/11/2026 11:00:00,0,115.62702,0,41.621
01/11/2026 11:30:00,0,115.71304,0,42.15322
01/11/2026 12:00:00,0,116.1001,0,42.90048
01/11/2026 12:30:00,0,116.66996,0,43.07252
01/11/2026 13:00:00,0,118.37954,0,43.7929
01/11/2026 13:30:00,0,117.18606,0,43.44884
01/11/2026 14:00:00,0,116.53018,0,42.14784
01/11/2026 14:30:00,0,116.48718,0,41.98656
01/11/2026 15:00:00,0,116.70222,0,41.3307
01/11/2026 15:30:00,0,118.79886,0,42.81448
01/11/2026 16:00:00,0,109.6274,0,38.87924
01/11/2026 16:30:00,0,60.64128,0,12.24654
01/11/2026 17:00:00,0,42.81448,3.85996,0.87092
01/11/2026 17:30:00,0,40.98662,4.90292,0
01/11/2026 18:00:00,0,40.91674,4.44596,0
01/11/2026 18:30:00,0,41.23392,4.22016,0
01/11/2026 19:00:00,0,40.6103,4.58036,0
01/11/2026 19:30:00,0,42.19086,4.44058,0
01/11/2026 20:00:00,0,43.62086,2.20416,0
01/11/2026 20:30:00,0,43.34132,2.1289,0.01076
01/11/2026 21:00:00,0,43.86816,1.81708,0
01/11/2026 21:30:00,0,42.61018,3.04282,0
01/11/2026 22:00:00,0,42.72846,3.67718,0
01/11/2026 22:30:00,0,42.48116,3.85996,0
01/11/2026 23:00:00,0,42.61556,3.88148,0
01/11/2026 23:30:00,0,42.6962,3.85996,0
01/12/2026 00:00:00,0,42.68006,3.62342,0
01/12/2026 00:30:00,0,43.2768,3.27936,0
01/12/2026 01:00:00,0,42.52416,3.67718,0
01/12/2026 01:30:00,0,43.008,5.03194,0
01/12/2026 02:00:00,0,42.56718,5.31686,0
01/12/2026 02:30:00,0,42.25536,4.87066,0
01/12/2026 03:00:00,0,42.51342,4.91366,0
01/12/2026 03:30:00,0,43.11552,4.22016,0
01/12/2026 04:00:00,0,41.98656,4.44058,0
01/12/2026 04:30:00,0,43.03488,3.99974,0.01076
01/12/2026 05:00:00,0,42.21236,3.94598,0
01/12/2026 05:30:00,0,42.81448,3.83846,0
01/12/2026 06:00:00,0,43.40584,3.7847,0
01/12/2026 06:30:00,0,42.21774,4.72012,0
01/12/2026 07:00:00,0,52.73856,2.59124,2.36544
01/12/2026 07:30:00,0,63.9529,0,6.02112
01/12/2026 08:00:00,0,82.2098,0,13.75182
01/12/2026 08:30:00,0,181.95612,0,59.37256
01/12/2026 09:00:00,0,218.2978,0,65.88288
01/12/2026 09:30:00,0,236.8988,0,68.75904
01/12/2026 10:00:00,0,243.307,0,74.74254
01/12/2026 10:30:00,0,234.0066,0,73.5652
01/12/2026 11:00:00,0,236.0602,0,78.08104
01/12/2026 11:30:00,0,236.845,0,84.06452
01/12/2026 12:00:00,0,240.0814,0,85.56442
01/12/2026 12:30:00,0,244.7156,0,87.34926
01/12/2026 13:00:00,0,245.5112,0,82.54312
01/12/2026 13:30:00,0,234.6086,0,79.64008
01/12/2026 14:00:00,0,230.2112,0,76.96282
01/12/2026 14:30:00,0,241.3502,0,76.7693
01/12/2026 15:00:00,0,244.0382,0,65.36142
01/12/2026 15:30:00,0,241.6834,0,63.81312
01/12/2026 16:00:00,0,253.2526,0,63.99592
01/12/2026 16:30:00,0,253.6182,0,67.47956
01/12/2026 17:00:00,0,251.0808,0,69.89876
01/12/2026 17:30:00,0,227.9962,0,68.13542
01/12/2026 18:00:00,0,203.5354,0,58.8242
01/12/2026 18:30:00,0,192.67588,0,58.67368
01/12/2026 19:00:00,0,183.61192,0,57.749
01/12/2026 19:30:00,0,178.38646,0,57.84576
01/12/2026 20:00:00,0,163.51104,0,45.77126
01/12/2026 20:30:00,0,158.6404,0,45.19066
01/12/2026 21:00:00,0,155.24816,0,41.31456
01/12/2026 21:30:00,0,146.08744,0,41.6855
01/12/2026 22:00:00,0,125.12104,0,36.04072
01/12/2026 22:30:00,0,71.83412,0.05376,7.78446
01/12/2026 23:00:00,0,49.30868,5.8706,0
01/12/2026 23:30:00,0,47.20128,5.46202,0
01/13/2026 00:00:00,0,45.77126,5.47276,0
01/13/2026 00:30:00,0,47.31956,4.35456,0
01/13/2026 01:00:00,0,46.87872,5.51578,0
01/13/2026 01:30:00,0,45.9433,5.65556,0
01/13/2026 02:00:00,0,47.52384,5.04268,0
01/13/2026 02:30:00,0,46.5239,4.9943,0
01/13/2026 03:00:00,0,46.68518,4.80614,0
01/13/2026 03:30:00,0,47.58836,4.38682,0
01/13/2026 04:00:00,0,46.33038,4.33844,0
01/13/2026 04:30:00,0,47.65288,3.92448,0
01/13/2026 05:00:00,0,47.8679,3.83846,0
01/13/2026 05:30:00,0,47.34106,3.40838,0
01/13/2026 06:00:00,0,47.35182,3.95674,0.01076
01/13/2026 06:30:00,0,48.42702,4.60186,0
01/13/2026 07:00:00,0,51.20104,4.70938,0
01/13/2026 07:30:00,0,71.02772,0.01076,9.4295
01/13/2026 08:00:00,0,106.45556,0,27.71866
01/13/2026 08:30:00,0,195.89072,0,72.7803
01/13/2026 09:00:00,0,226.2222,0,85.29564
01/13/2026 09:30:00,0,232.7164,0,82.5915
01/13/2026 10:00:00,0,242.4146,0,82.3926
01/13/2026 10:30:00,0,250.9518,0,75.71022
01/13/2026 11:00:00,0,272.2514,0,87.28474
01/13/2026 11:30:00,0,278.9876,0,93.51016
01/13/2026 12:00:00,0,278.1704,0,94.5316
01/13/2026 12:30:00,0,277.1974,0,97.11208
01/13/2026 13:00:00,0,267.913,0,95.46702
01/13/2026 13:30:00,0,257.2846,0,95.18746
01/13/2026 14:00:00,0,254.8546,0,92.63924
01/13/2026 14:30:00,0,253.7688,0,93.95098
01/13/2026 15:00:00,0,247.8658,0,83.04846
01/13/2026 15:30:00,0,258.5964,0,86.83316
01/13/2026 16:00:00,0,258.2416,0,82.98394
01/13/2026 16:30:00,0,265.7894,0,83.5968
01/13/2026 17:00:00,0,266.0152,0,84.57524
01/13/2026 17:30:00,0,264.123,0,89.47814
01/13/2026 18:00:00,0,236.5332,0,83.86562
01/13/2026 18:30:00,0,212.2552,0,81.41952
01/13/2026 19:00:00,0,200.1592,0,81.01634
01/13/2026 19:30:00,0,173.27926,0,65.10336
01/13/2026 20:00:00,0,150.37748,0,55.20078
01/13/2026 20:30:00,0,146.61428,0,54.2116
01/13/2026 21:00:00,0,144.04458,0,56.00718
01/13/2026 21:30:00,0,137.60412,0,55.29754
01/13/2026 22:00:00,0,124.17486,0,48.73882
01/13/2026 22:30:00,0,71.12986,0,21.33734
01/13/2026 23:00:00,0,57.4802,0,8.66074
01/13/2026 23:30:00,0,57.5447,0,8.5586
01/14/2026 00:00:00,0,57.17914,0,6.23616
01/14/2026 00:30:00,0,57.7705,0,6.24692
01/14/2026 01:00:00,0,59.02848,0,6.9673
01/14/2026 01:30:00,0,57.61998,0,7.19308
01/14/2026 02:00:00,0,58.8457,0,7.34362
01/14/2026 02:30:00,0,58.64142,0,7.8167
01/14/2026 03:00:00,0,57.83502,0,7.7737
01/14/2026 03:30:00,0,58.85646,0,7.88122
01/14/2026 04:00:00,0,57.66298,0,7.41888
01/14/2026 04:30:00,0,57.91028,0,7.32212
01/14/2026 05:00:00,0,59.16826,0,7.97798
01/14/2026 05:30:00,0,57.84576,0,7.42964
01/14/2026 06:00:00,0,58.29736,0,7.09632
01/14/2026 06:30:00,0,58.83496,0,6.9888
01/14/2026 07:00:00,0,63.45832,0,6.30068
01/14/2026 07:30:00,0,80.18842,0,10.98854
01/14/2026 08:00:00,0,105.09006,0,18.42894
01/14/2026 08:30:00,0,205.4922,0,75.66184
01/14/2026 09:00:00,0,227.5768,0,77.0112
01/14/2026 09:30:00,0,232.8024,0,76.94132
01/14/2026 10:00:00,0,236.9634,0,77.23162
01/14/2026 10:30:00,0,247.5218,0,77.42516
01/14/2026 11:00:00,0,267.8646,0,89.35988
01/14/2026 11:30:00,0,262.9832,0,83.5968
01/14/2026 12:00:00,0,255.2632,0,84.75802
01/14/2026 12:30:00,0,259.8006,0,90.03726
01/14/2026 13:00:00,0,257.8114,0,89.9835
01/14/2026 13:30:00,0,250.328,0,88.48898
01/14/2026 14:00:00,0,251.9516,0,87.46216
01/14/2026 14:30:00,0,252.5,0,85.02682
01/14/2026 15:00:00,0,252.9408,0,86.49448
01/14/2026 15:30:00,0,259.005,0,85.34938
01/14/2026 16:00:00,0,258.1232,0,83.09146
01/14/2026 16:30:00,0,249.2206,0,82.58612
01/14/2026 17:00:00,0,249.898,0,83.91938
01/14/2026 17:30:00,0,245.1348,0,82.1453
01/14/2026 18:00:00,0,219.0398,0,69.67298
01/14/2026 18:30:00,0,209.0296,0,68.59778
01/14/2026 19:00:00,0,173.66632,0,51.22254
01/14/2026 19:30:00,0,172.40834,0,49.83552
01/14/2026 20:00:00,0,164.76366,0,43.37358
01/14/2026 20:30:00,0,158.62426,0,38.50292
01/14/2026 21:00:00,0,146.453,0,37.40622
01/14/2026 21:30:00,0,140.7222,0,39.2018
01/14/2026 22:00:00,0,134.357,0,40.0512
01/14/2026 22:30:00,0,76.11342,0,12.08526
01/14/2026 23:00:00,0,58.8672,2.87078,1.3225
01/14/2026 23:30:00,0,54.93198,3.66644,0
01/15/2026 00:00:00,0,55.23302,3.41914,0
01/15/2026 00:30:00,0,48.76032,3.21484,0
01/15/2026 01:00:00,0,47.5776,3.96748,0
01/15/2026 01:30:00,0,46.954,4.77926,0
01/15/2026 02:00:00,0,46.12608,5.46202,0
01/15/2026 02:30:00,0,47.20128,4.82764,0
01/15/2026 03:00:00,0,46.31962,4.77926,0
01/15/2026 03:30:00,0,47.0615,4.10726,0
01/15/2026 04:00:00,0,47.3088,4.075,0
01/15/2026 04:30:00,0,46.69594,4.032,0
01/15/2026 05:00:00,0,47.10452,3.7202,0
01/15/2026 05:30:00,0,48.39476,3.56966,0
01/15/2026 06:00:00,0,47.07226,4.38682,0.01076
01/15/2026 06:30:00,0,49.59898,4.0535,1.17196
01/15/2026 07:00:00,0,63.82388,0,6.9458
01/15/2026 07:30:00,0,77.1241,0,9.17146
01/15/2026 08:00:00,0,98.0475,0,14.32166
01/15/2026 08:30:00,0,183.24636,0,58.8027
01/15/2026 09:00:00,0,215.8356,0,66.67854
01/15/2026 09:30:00,0,219.8676,0,64.43674
01/15/2026 10:00:00,0,227.0716,0,65.7915
01/15/2026 10:30:00,0,247.5218,0,72.57602
01/15/2026 11:00:00,0,253.8654,0,73.86088
01/15/2026 11:30:00,0,259.5964,0,74.62964
01/15/2026 12:00:00,0,260.8112,0,78.26918
01/15/2026 12:30:00,0,246.0918,0,80.18842
01/15/2026 13:00:00,0,240.748,0,73.70498
01/15/2026 13:30:00,0,227.0286,0,69.5977
01/15/2026 14:00:00,0,222.4266,0,66.89356
01/15/2026 14:30:00,0,237.8666,0,67.53332
01/15/2026 15:00:00,0,230.5982,0,67.59784
01/15/2026 15:30:00,0,254.4892,0,70.81268
01/15/2026 16:00:00,0,244.3284,0,70.43636
01/15/2026 16:30:00,0,230.996,0,66.41512
01/15/2026 17:00:00,0,230.5336,0,71.7051
01/15/2026 17:30:00,0,220.115,0,68.8612
01/15/2026 18:00:00,0,181.2465,0,45.55622
01/15/2026 18:30:00,0,167.6237,0,44.50254
01/15/2026 19:00:00,0,158.1727,0,44.0402
01/15/2026 19:30:00,0,151.21614,0,44.72832
01/15/2026 20:00:00,0,143.51772,0,42.72846
01/15/2026 20:30:00,0,135.50748,0,43.31982
01/15/2026 21:00:00,0,131.669,0,42.78222
01/15/2026 21:30:00,0,130.42178,0,40.47054
01/15/2026 22:00:00,0,130.13146,0,37.78254
01/15/2026 22:30:00,0,75.24788,0,12.04224
01/15/2026 23:00:00,0,49.21192,4.17178,0.65588
01/15/2026 23:30:00,0,48.41626,4.77926,0
01/16/2026 00:00:00,0,48.59904,5.46202,0
01/16/2026 00:30:00,0,47.04,6.63398,0
01/16/2026 01:00:00,0,45.53472,6.12864,0
01/16/2026 01:30:00,0,43.02952,5.419,0
01/16/2026 02:00:00,0,42.41664,5.90284,0
01/16/2026 02:30:00,0,43.0779,5.16096,0
01/16/2026 03:00:00,0,41.7554,5.0857,0
01/16/2026 03:30:00,0,42.7177,4.5911,0
01/16/2026 04:00:00,0,42.65856,4.3223,0
01/16/2026 04:30:00,0,42.38438,4.12876,0
01/16/2026 05:00:00,0,43.98106,3.70944,0.01076
01/16/2026 05:30:00,0,43.36282,4.10726,0
01/16/2026 06:00:00,0,43.09402,4.10726,0
01/16/2026 06:30:00,0,42.6532,5.03194,0
01/16/2026 07:00:00,0,50.08282,4.77926,0
01/16/2026 07:30:00,0,55.92116,3.29012,0.41932
01/16/2026 08:00:00,0,88.84378,0.01076,10.752
01/16/2026 08:30:00,0,185.8591,0,62.08206
01/16/2026 09:00:00,0,205.7502,0,62.13582
01/16/2026 09:30:00,0,205.8794,0,58.56616
01/16/2026 10:00:00,0,208.2662,0,58.18984
01/16/2026 10:30:00,0,209.7392,0,58.10382
01/16/2026 11:00:00,0,220.9428,0,58.31886
01/16/2026 11:30:00,0,232.5442,0,57.05012
01/16/2026 12:00:00,0,233.9744,0,57.30816
01/16/2026 12:30:00,0,235.1786,0,59.61984
01/16/2026 13:00:00,0,221.373,0,60.34024
01/16/2026 13:30:00,0,209.8576,0,60.06068
01/16/2026 14:00:00,0,206.2448,0,59.91016
01/16/2026 14:30:00,0,210.578,0,59.51232
01/16/2026 15:00:00,0,217.9646,0,60.7488
01/16/2026 15:30:00,0,251.3388,0,81.90874
01/16/2026 16:00:00,0,243.436,0,87.274
01/16/2026 16:30:00,0,242.3178,0,87.8116
01/16/2026 17:00:00,0,241.1458,0,86.05902
01/16/2026 17:30:00,0,252.07,0,85.93
01/16/2026 18:00:00,0,217.9754,0,69.36116
01/16/2026 18:30:00,0,202.514,0,68.02254
01/16/2026 19:00:00,0,173.21474,0,47.02926
01/16/2026 19:30:00,0,157.50608,0,39.54586
01/16/2026 20:00:00,0,151.19464,0,41.87904
01/16/2026 20:30:00,0,143.79728,0,41.69088
01/16/2026 21:00:00,0,128.79822,0,40.5458
01/16/2026 21:30:00,0,125.94894,0,42.50266
01/16/2026 22:00:00,0,119.92782,0,35.64288
01/16/2026 22:30:00,0,71.94164,0,7.74144
01/16/2026 23:00:00,0,52.24398,4.26854,0.8494
01/16/2026 23:30:00,0,45.83578,5.01044,0
01/17/2026 00:00:00,0,46.67444,4.19328,0
01/17/2026 00:30:00,0,45.62074,6.75226,0
01/17/2026 01:00:00,0,44.70682,6.9888,0
01/17/2026 01:30:00,0,46.17984,6.34368,0
01/17/2026 02:00:00,0,45.47022,6.38668,0
01/17/2026 02:30:00,0,44.92186,6.33294,0
01/17/2026 03:00:00,0,46.4594,5.92436,0
01/17/2026 03:30:00,0,45.49172,5.31686,0
01/17/2026 04:00:00,0,45.8788,5.1502,0
01/17/2026 04:30:00,0,46.36264,4.62336,0
01/17/2026 05:00:00,0,45.26592,4.8814,0
01/17/2026 05:30:00,0,46.14758,4.33844,0
01/17/2026 06:00:00,0,46.954,3.8062,0
01/17/2026 06:30:00,0,44.11546,5.03194,0
01/17/2026 07:00:00,0,46.28736,4.08576,0
01/17/2026 07:30:00,0,43.43808,5.52652,0
01/17/2026 08:00:00,0,44.77134,4.5911,0.32794
01/17/2026 08:30:00,0,110.42304,0,40.4544
01/17/2026 09:00:00,0,112.20788,0,43.008
01/17/2026 09:30:00,0,114.03572,0,43.22304
01/17/2026 10:00:00,0,118.11074,0,41.9328
01/17/2026 10:30:00,0,119.3042,0,41.85754
01/17/2026 11:00:00,0,118.26126,0,45.24442
01/17/2026 11:30:00,0,120.07834,0,45.85728
01/17/2026 12:00:00,0,121.20732,0,46.7927
01/17/2026 12:30:00,0,121.4546,0,47.90016
01/17/2026 13:00:00,0,121.50836,0,48.69582
01/17/2026 13:30:00,0,120.11062,0,47.70664
01/17/2026 14:00:00,0,128.61544,0,48.14746
01/17/2026 14:30:00,0,130.60456,0,45.54548
01/17/2026 15:00:00,0,132.89474,0,47.10452
01/17/2026 15:30:00,0,130.282,0,46.92174
01/17/2026 16:00:00,0,121.9707,0,46.98624
01/17/2026 16:30:00,0,117.6699,0,45.83578
01/17/2026 17:00:00,0,118.26126,0,46.5239
01/17/2026 17:30:00,0,119.85256,0,48.48078
01/17/2026 18:00:00,0,120.01384,0,49.26568
01/17/2026 18:30:00,0,118.62684,0,48.49152
01/17/2026 19:00:00,0,85.03758,0,25.43924
01/17/2026 19:30:00,0,59.6521,0.20428,8.54784
01/17/2026 20:00:00,0,47.90016,2.48372,0.01076
01/17/2026 20:30:00,0,45.71752,2.16652,0
01/17/2026 21:00:00,0,43.99718,2.9138,0
01/17/2026 21:30:00,0,44.44878,3.54816,0
01/17/2026 22:00:00,0,44.13696,4.51584,0
01/17/2026 22:30:00,0,44.09396,4.38682,0
01/17/2026 23:00:00,0,43.55636,4.63412,0
01/17/2026 23:30:00,0,44.56704,3.90298,0
01/18/2026 00:00:00,0,43.008,6.4942,0
01/18/2026 00:30:00,0,42.77146,6.70926,0
01/18/2026 01:00:00,0,43.7499,6.11788,0
01/18/2026 01:30:00,0,42.4059,6.4727,0
01/18/2026 02:00:00,0,43.72838,6.11788,0
01/18/2026 02:30:00,0,44.24448,5.92436,0
01/18/2026 03:00:00,0,42.50266,6.17164,0
01/18/2026 03:30:00,0,43.69614,5.1287,0
01/18/2026 04:00:00,0,44.05096,4.8384,0
01/18/2026 04:30:00,0,42.79296,4.7954,0
01/18/2026 05:00:00,0,44.40576,3.92448,0
01/18/2026 05:30:00,0,45.21216,3.93524,0
01/18/2026 06:00:00,0,43.7499,4.12876,0
01/18/2026 06:30:00,0,43.87892,4.11264,0
01/18/2026 07:00:00,0,43.73914,3.99974,0
01/18/2026 07:30:00,0,41.24468,4.661,0
01/18/2026 08:00:00,0,43.61012,3.59116,0.08602
01/18/2026 08:30:00,0,100.95054,0.05376,33.98708
01/18/2026 09:00:00,0,114.99266,0,42.85748
01/18/2026 09:30:00,0,124.949,0,44.1047
01/18/2026 10:00:00,0,133.30332,0,47.36256
01/18/2026 10:30:00,0,140.80822,0,49.57748
01/18/2026 11:00:00,0,144.0123,0,51.21178
01/18/2026 11:30:00,0,144.35636,0,51.38382
01/18/2026 12:00:00,0,145.57136,0,51.46982
01/18/2026 12:30:00,0,148.56576,0,54.10406
01/18/2026 13:00:00,0,149.141,0,55.66312
01/18/2026 13:30:00,0,155.80726,0,58.2436
01/18/2026 14:00:00,0,167.96238,0,62.64116
01/18/2026 14:30:00,0,168.78492,0,62.55514
01/18/2026 15:00:00,0,150.23772,0,57.16838
01/18/2026 15:30:00,0,141.33506,0,49.9108
01/18/2026 16:00:00,0,140.33512,0,49.40544
01/18/2026 16:30:00,0,132.01844,0,44.90036
01/18/2026 17:00:00,0,54.26536,3.17184,4.19328
01/18/2026 17:30:00,0,43.44884,4.73088,0
01/18/2026 18:00:00,0,43.64238,4.5696,0
01/18/2026 18:30:00,0,42.41664,5.05344,0
01/18/2026 19:00:00,0,43.11552,4.8169,0
01/18/2026 19:30:00,0,43.2553,5.20396,0
01/18/2026 20:00:00,0,44.8251,4.76314,0
01/18/2026 20:30:00,0,44.81434,4.36532,0
01/18/2026 21:00:00,0,43.02952,4.90292,0
01/18/2026 21:30:00,0,44.6208,4.5911,0
01/18/2026 22:00:00,0,45.06164,4.06426,0
01/18/2026 22:30:00,0,45.22292,3.56966,0
01/18/2026 23:00:00,0,45.0939,3.81696,0
01/18/2026 23:30:00,0,44.02406,4.38682,0
01/19/2026 00:00:00,0,45.1154,3.97824,0
01/19/2026 00:30:00,0,44.94336,3.75244,0.01076
01/19/2026 01:00:00,0,44.02406,3.35462,0
01/19/2026 01:30:00,0,45.3627,2.35468,0
01/19/2026 02:00:00,0,44.49178,4.5911,0
01/19/2026 02:30:00,0,43.84666,5.54804,0
01/19/2026 03:00:00,0,44.80358,4.90292,0
01/19/2026 03:30:00,0,43.78216,5.3975,0
01/19/2026 04:00:00,0,44.80358,4.60186,0
01/19/2026 04:30:00,0,44.73908,4.58036,0
01/19/2026 05:00:00,0,44.42726,4.36532,0
01/19/2026 05:30:00,0,46.02932,4.06426,0
01/19/2026 06:00:00,0,45.21216,4.50508,0
01/19/2026 06:30:00,0,43.34132,5.67706,0
01/19/2026 07:00:00,0,49.15814,5.8921,0
01/19/2026 07:30:00,0,64.28622,2.35468,2.60198
01/19/2026 08:00:00,0,94.5746,0,8.32206
01/19/2026 08:30:00,0,198.37444,0,68.40422
01/19/2026 09:00:00,0,223.4158,0,72.40398
01/19/2026 09:30:00,0,231.7916,0,74.82856
01/19/2026 10:00:00,0,233.7916,0,77.24238
01/19/2026 10:30:00,0,245.6402,0,72.533
01/19/2026 11:00:00,0,247.64,0,73.17812
01/19/2026 11:30:00,0,242.5006,0,66.40436
01/19/2026 12:00:00,0,243.8768,0,68.9741
01/19/2026 12:30:00,0,235.0388,0,69.8665
01/19/2026 13:00:00,0,238.2858,0,72.61902
01/19/2026 13:30:00,0,230.4584,0,81.81198
01/19/2026 14:00:00,0,230.5336,0,80.98408
01/19/2026 14:30:00,0,237.458,0,78.50036
01/19/2026 15:00:00,0,241.4362,0,82.03778
01/19/2026 15:30:00,0,239.4686,0,79.44116
01/19/2026 16:00:00,0,226.8564,0,73.41466
01/19/2026 16:30:00,0,226.9318,0,73.13512
01/19/2026 17:00:00,0,236.4688,0,75.83386
01/19/2026 17:30:00,0,237.6084,0,76.57576
01/19/2026 18:00:00,0,203.8686,0,60.6843
01/19/2026 18:30:00,0,179.9025,0,44.79284
01/19/2026 19:00:00,0,167.49468,0,42.13172
01/19/2026 19:30:00,0,144.31336,0,42.15322
01/19/2026 20:00:00,0,144.05532,0,42.6962
01/19/2026 20:30:00,0,134.18498,0,41.47048
01/19/2026 21:00:00,0,124.33614,0,42.21774
01/19/2026 21:30:00,0,123.18568,0,41.8199
01/19/2026 22:00:00,0,111.56276,0,33.56774
01/19/2026 22:30:00,0,61.42618,0,8.4457
01/19/2026 23:00:00,0,48.9216,3.61268,1.23648
01/19/2026 23:30:00,0,44.95412,5.09644,0
01/20/2026 00:00:00,0,43.93806,5.58028,0
01/20/2026 00:30:00,0,42.85748,5.80608,0
01/20/2026 01:00:00,0,42.86822,5.2201,0
01/20/2026 01:30:00,0,41.77152,5.419,0
01/20/2026 02:00:00,0,42.7392,5.18246,0
01/20/2026 02:30:00,0,42.85748,4.87066,0
01/20/2026 03:00:00,0,41.621,5.16096,0
01/20/2026 03:30:00,0,42.50266,5.03194,0
01/20/2026 04:00:00,0,42.36288,4.92442,0
01/20/2026 04:30:00,0,42.9435,4.75238,0
01/20/2026 05:00:00,0,43.2338,4.8814,0
01/20/2026 05:30:00,0,41.6855,5.20934,0
01/20/2026 06:00:00,0,43.41658,4.87066,0
01/20/2026 06:30:00,0,40.87374,6.04262,0
01/20/2026 07:00:00,0,47.66362,5.53728,0
01/20/2026 07:30:00,0,51.45908,3.79546,0.97844
01/20/2026 08:00:00,0,91.04796,0.0215,13.81632
01/20/2026 08:30:00,0,184.90216,0,63.31854
01/20/2026 09:00:00,0,210.2876,0,72.12442
01/20/2026 09:30:00,0,218.3086,0,77.8875
01/20/2026 10:00:00,0,219.6848,0,76.17256
01/20/2026 10:30:00,0,219.2978,0,76.32846
01/20/2026 11:00:00,0,221.7816,0,75.95752
01/20/2026 11:30:00,0,239.4794,0,77.36064
01/20/2026 12:00:00,0,250.9732,0,79.86048
01/20/2026 12:30:00,0,249.554,0,81.73672
01/20/2026 13:00:00,0,247.7476,0,85.03758
01/20/2026 13:30:00,0,232.5872,0,87.5428
01/20/2026 14:00:00,0,222.6846,0,85.2795
01/20/2026 14:30:00,0,233.1894,0,81.70446
01/20/2026 15:00:00,0,232.4476,0,81.95176
01/20/2026 15:30:00,0,234.1356,0,82.46784
01/20/2026 16:00:00,0,237.5654,0,83.46778
01/20/2026 16:30:00,0,236.6838,0,80.70452
01/20/2026 17:00:00,0,232.9852,0,80.29596
01/20/2026 17:30:00,0,229.7058,0,76.08654
01/20/2026 18:00:00,0,190.33192,0,59.9209
01/20/2026 18:30:00,0,174.41896,0,49.84628
01/20/2026 19:00:00,0,151.52796,0,42.45966
01/20/2026 19:30:00,0,139.83514,0,41.7339
01/20/2026 20:00:00,0,139.24378,0,42.23924
01/20/2026 20:30:00,0,137.52886,0,43.43808
01/20/2026 21:00:00,0,130.89486,0,42.07258
01/20/2026 21:30:00,0,128.75522,0,39.00826
01/20/2026 22:00:00,0,112.0681,0,32.73984
01/20/2026 22:30:00,0,69.16762,0.61286,5.25772
01/20/2026 23:00:00,0,52.45902,5.09644,0
01/20/2026 23:30:00,0,48.5883,5.24698,0
01/21/2026 00:00:00,0,49.63124,4.92442,0
01/21/2026 00:30:00,0,50.56666,4.0535,0
01/21/2026 01:00:00,0,51.15802,4.55348,0
01/21/2026 01:30:00,0,51.22254,4.31156,0
01/21/2026 02:00:00,0,51.51284,4.67174,0
01/21/2026 02:30:00,0,51.5666,4.17178,0
01/21/2026 03:00:00,0,51.76014,4.2793,0
01/21/2026 03:30:00,0,52.0612,3.89222,0
01/21/2026 04:00:00,0,51.46982,3.87072,0
01/21/2026 04:30:00,0,51.8784,3.55892,0
01/21/2026 05:00:00,0,52.6203,2.87078,0
01/21/2026 05:30:00,0,52.48052,3.03206,0
01/21/2026 06:00:00,0,52.11496,3.52666,0
01/21/2026 06:30:00,0,51.98592,4.3223,0
01/21/2026 07:00:00,0,55.24378,5.04268,0
01/21/2026 07:30:00,0,68.2322,4.50508,0.32794
01/21/2026 08:00:00,0,102.46658,0,16.88602
01/21/2026 08:30:00,0,197.44976,0,74.3501
01/21/2026 09:00:00,0,212.8896,0,71.96314
01/21/2026 09:30:00,0,223.3514,0,77.23162
01/21/2026 10:00:00,0,230.652,0,114.4658
01/21/2026 10:30:00,0,234.727,0,79.55406
01/21/2026 11:00:00,0,239.404,0,79.26376
01/21/2026 11:30:00,0,247.8444,0,81.24212
01/21/2026 12:00:00,0,244.6402,0,80.51098
01/21/2026 12:30:00,0,244.8876,0,80.99482
01/21/2026 13:00:00,0,246.6616,0,78.05952
01/21/2026 13:30:00,0,231.7378,0,75.32852
01/21/2026 14:00:00,0,230.2648,0,74.55438
01/21/2026 14:30:00,0,249.5324,0,71.9954
01/21/2026 15:00:00,0,252.371,0,74.56514
01/21/2026 15:30:00,0,245.8876,0,78.53262
01/21/2026 16:00:00,0,237.9096,0,86.52136
01/21/2026 16:30:00,0,224.1792,0,75.95752
01/21/2026 17:00:00,0,219.5882,0,74.69416
01/21/2026 17:30:00,0,217.9324,0,74.82318
01/21/2026 18:00:00,0,182.76252,0,58.74894
01/21/2026 18:30:00,0,156.0384,0,42.19622
01/21/2026 19:00:00,0,137.34606,0,42.12634
01/21/2026 19:30:00,0,133.81942,0,43.1908
01/21/2026 20:00:00,0,137.84066,0,43.40584
01/21/2026 20:30:00,0,127.15316,0,43.66388
01/21/2026 21:00:00,0,117.48712,0,41.578
01/21/2026 21:30:00,0,114.58408,0,39.92218
01/21/2026 22:00:00,0,105.48788,0,39.7179
01/21/2026 22:30:00,0,55.92116,0.98918,7.92422
01/21/2026 23:00:00,0,40.6103,5.3545,0
01/21/2026 23:30:00,0,38.1266,5.76308,0
01/22/2026 00:00:00,0,39.43834,5.419,0
01/22/2026 00:30:00,0,39.23406,5.04268,0
01/22/2026 01:00:00,0,39.27706,4.73088,0
01/22/2026 01:30:00,0,42.00806,4.33844,0
01/22/2026 02:00:00,0,40.86836,4.8599,0
01/22/2026 02:30:00,0,41.7984,4.44596,0
01/22/2026 03:00:00,0,40.93286,4.5481,0
01/22/2026 03:30:00,0,41.8683,3.77396,0
01/22/2026 04:00:00,0,41.65326,3.25786,0
01/22/2026 04:30:00,0,41.53498,3.63418,0.01076
01/22/2026 05:00:00,0,42.4919,3.05356,0
01/22/2026 05:30:00,0,41.5995,3.31162,0
01/22/2026 06:00:00,0,42.50266,3.19334,0
01/22/2026 06:30:00,0,41.40596,4.31156,0
01/22/2026 07:00:00,0,45.6745,4.64486,0
01/22/2026 07:30:00,0,54.5019,4.73088,0
01/22/2026 08:00:00,0,79.7476,1.43002,3.16108
01/22/2026 08:30:00,0,185.47204,0,64.15718
01/22/2026 09:00:00,0,209.0404,0,69.5977
01/22/2026 09:30:00,0,213.6316,0,69.8665
01/22/2026 10:00:00,0,215.255,0,73.84474
01/22/2026 10:30:00,0,214.2658,0,74.65652
01/22/2026 11:00:00,0,219.5774,0,73.24264
01/22/2026 11:30:00,0,223.1792,0,73.76948
01/22/2026 12:00:00,0,224.0932,0,74.21032
01/22/2026 12:30:00,0,226.5984,0,76.48974
01/22/2026 13:00:00,0,227.3834,0,77.89286
01/22/2026 13:30:00,0,219.5558,0,78.41434
01/22/2026 14:00:00,0,219.9644,0,77.23162
01/22/2026 14:30:00,0,232.7916,0,77.89286
01/22/2026 15:00:00,0,235.0388,0,80.48948
01/22/2026 15:30:00,0,242.9308,0,83.25274
01/22/2026 16:00:00,0,239.5224,0,81.72596
01/22/2026 16:30:00,0,244.651,0,81.0701
01/22/2026 17:00:00,0,230.2542,0,80.81204
01/22/2026 17:30:00,0,225.0932,0,77.19938
01/22/2026 18:00:00,0,199.26684,0,68.98484
01/22/2026 18:30:00,0,197.7293,0,57.63072
01/22/2026 19:00:00,0,192.23504,0,57.7275
01/22/2026 19:30:00,0,188.82664,0,61.46918
01/22/2026 20:00:00,0,171.81698,0,55.97492
01/22/2026 20:30:00,0,148.94748,0,40.93824
01/22/2026 21:00:00,0,126.85212,0,40.30926
01/22/2026 21:30:00,0,113.15406,0,39.94368
01/22/2026 22:00:00,0,111.35848,0,42.30912
01/22/2026 22:30:00,0,56.58778,0,7.60166
01/22/2026 23:00:00,0,46.997,0,1.81708
01/22/2026 23:30:00,0,45.1369,0,1.58054
01/23/2026 00:00:00,0,43.86816,0.70964,0.66124
01/23/2026 00:30:00,0,44.2875,0.40858,0.32256
01/23/2026 01:00:00,0,44.3305,0.25804,0.39782
01/23/2026 01:30:00,0,44.16922,0.7849,0.17204
01/23/2026 02:00:00,0,44.61006,0.52684,0.19354
01/23/2026 02:30:00,0,43.55636,0.69888,0.15052
01/23/2026 03:00:00,0,44.36276,0.35482,0.2688
01/23/2026 03:30:00,0,44.2875,0.2903,0.2688
01/23/2026 04:00:00,0,44.48102,0.05376,0.5806
01/23/2026 04:30:00,0,44.61006,0,0.73114
01/23/2026 05:00:00,0,44.41652,0.03226,0.56448
01/23/2026 05:30:00,0,45.04014,0.01076,0.8279
01/23/2026 06:00:00,0,44.22298,0.05376,0.59136
01/23/2026 06:30:00,0,44.70682,0.03226,0.4946
01/23/2026 07:00:00,0,48.01844,0.5806,0.30106
01/23/2026 07:30:00,0,57.67374,0.8279,1.78484
01/23/2026 08:00:00,0,90.40282,0.01076,13.48302
01/23/2026 08:30:00,0,185.20324,0,68.37198
01/23/2026 09:00:00,0,216.1474,0,71.57608
01/23/2026 09:30:00,0,224.3728,0,72.49
01/23/2026 10:00:00,0,227.136,0,71.44706
01/23/2026 10:30:00,0,234.4582,0,72.2212
01/23/2026 11:00:00,0,243.5114,0,71.69434
01/23/2026 11:30:00,0,253.7688,0,78.01652
01/23/2026 12:00:00,0,259.7898,0,80.64002
01/23/2026 12:30:00,0,248.425,0,79.51104
01/23/2026 13:00:00,0,190.6545,0,54.84596
01/23/2026 13:30:00,0,186.31068,0,49.77102
01/23/2026 14:00:00,0,184.8484,0,51.48058
01/23/2026 14:30:00,0,194.5037,0,51.16878
01/23/2026 15:00:00,0,254.3278,0,75.29088
01/23/2026 15:30:00,0,272.0578,0,80.44648
01/23/2026 16:00:00,0,275.52,0,81.52168
01/23/2026 16:30:00,0,267.0152,0,79.5218
01/23/2026 17:00:00,0,258.962,0,79.01646
01/23/2026 17:30:00,0,244.5542,0,75.61882
01/23/2026 18:00:00,0,214.4486,0,68.42574
01/23/2026 18:30:00,0,197.06268,0,62.55514
01/23/2026 19:00:00,0,122.5083,0,18.13862
01/23/2026 19:30:00,0,108.18664,0,10.49396
01/23/2026 20:00:00,0,94.42408,0,3.67718
01/23/2026 20:30:00,0,87.05896,0,3.93524
01/23/2026 21:00:00,0,69.38266,0,3.77396
01/23/2026 21:30:00,0,62.53364,0,2.79552
01/23/2026 22:00:00,0,59.43706,0,1.9031
01/23/2026 22:30:00,0,54.30836,0,0.92468
01/23/2026 23:00:00,0,52.99662,0,1.32788
01/23/2026 23:30:00,0,51.62036,0.01076,1.0967
01/24/2026 00:00:00,0,51.21178,0.15052,0.81716
01/24/2026 00:30:00,0,46.56692,0.0215,1.08058
01/24/2026 01:00:00,0,46.26586,0,1.5698
01/24/2026 01:30:00,0,46.42714,0.37632,0.72038
01/24/2026 02:00:00,0,45.21216,0.62362,0.16128
01/24/2026 02:30:00,0,47.02926,0.06452,0.59136
01/24/2026 03:00:00,0,45.51322,0.13978,0.38708
01/24/2026 03:30:00,0,46.4809,0.0215,0.79564
01/24/2026 04:00:00,0,46.17984,0,1.02144
01/24/2026 04:30:00,0,46.20136,0,1.13434
01/24/2026 05:00:00,0,47.0185,0,1.47302
01/24/2026 05:30:00,0,47.04,0,1.55904
01/24/2026 06:00:00,0,47.74964,0,1.81708
01/24/2026 06:30:00,0,46.09384,0,1.67732
01/24/2026 07:00:00,0,46.47014,0,1.78484
01/24/2026 07:30:00,0,44.41652,0.2903,0.89242
01/24/2026 08:00:00,0,43.80366,0.32794,0.2903
01/24/2026 08:30:00,0,44.20148,0.97844,0.11828
01/24/2026 09:00:00,0,43.89504,0.96768,0.21504
01/24/2026 09:30:00,0,43.88968,0.8494,0.13978
01/24/2026 10:00:00,0,41.45972,2.1074,0
01/24/2026 10:30:00,0,43.05102,0.61286,0.38708
01/24/2026 11:00:00,0,42.21236,0.40858,0.34406
01/24/2026 11:30:00,0,41.45972,1.0322,0.15052
01/24/2026 12:00:00,0,48.53454,0.0215,1.22572
01/24/2026 12:30:00,0,47.59912,0.79564,0.5591
01/24/2026 13:00:00,0,46.92174,0.92468,0.07526
01/24/2026 13:30:00,0,46.86798,1.68806,0.01076
01/24/2026 14:00:00,0,46.7282,1.95686,0.01076
01/24/2026 14:30:00,0,46.14758,2.52672,0
01/24/2026 15:00:00,0,47.29806,2.40844,0
01/24/2026 15:30:00,0,47.16902,2.11276,0
01/24/2026 16:00:00,0,46.4594,2.645,0
01/24/2026 16:30:00,0,45.26592,2.96756,0
01/24/2026 17:00:00,0,46.87872,2.06438,0.01076
01/24/2026 17:30:00,0,46.78196,2.1934,0
01/24/2026 18:00:00,0,45.8788,2.13964,0
01/24/2026 18:30:00,0,47.5776,1.3655,0.0215
01/24/2026 19:00:00,0,46.05082,1.5698,0
01/24/2026 19:30:00,0,46.24436,1.23648,0.05376
01/24/2026 20:00:00,0,43.99718,1.10746,0.05376
01/24/2026 20:30:00,0,40.87374,2.1289,0.01076
01/24/2026 21:00:00,0,42.41664,1.344,0.0215
01/24/2026 21:30:00,0,41.98656,1.22572,0.06452
01/24/2026 22:00:00,0,41.05114,3.59116,0.01076
01/24/2026 22:30:00,0,42.09408,2.98906,0
01/24/2026 23:00:00,0,40.4114,3.34388,0
01/24/2026 23:30:00,0,41.53498,3.90298,0
01/25/2026 00:00:00,0,40.86836,5.20396,0
01/25/2026 00:30:00,0,41.21242,4.74164,0
01/25/2026 01:00:00,0,40.95438,4.76314,0
01/25/2026 01:30:00,0,41.664,3.93524,0
01/25/2026 02:00:00,0,40.85224,3.92448,0
01/25/2026 02:30:00,0,41.58874,3.60192,0
01/25/2026 03:00:00,0,41.51348,3.31162,0
01/25/2026 03:30:00,0,41.02964,3.07508,0
01/25/2026 04:00:00,0,41.33606,2.79552,0
01/25/2026 04:30:00,0,41.7769,2.67724,0
01/25/2026 05:00:00,0,40.5888,4.91366,0
01/25/2026 05:30:00,0,41.7984,4.74164,0
01/25/2026 06:00:00,0,41.28768,4.65562,0
01/25/2026 06:30:00,0,40.84686,4.93516,0
01/25/2026 07:00:00,0,40.91136,4.68788,0
01/25/2026 07:30:00,0,38.94374,5.10182,0
01/25/2026 08:00:00,0,38.78248,5.42976,0
01/25/2026 08:30:00,0,35.01926,7.20384,0
01/25/2026 09:00:00,0,35.9762,7.04256,0
01/25/2026 09:30:00,0,35.96544,5.84908,0
01/25/2026 10:00:00,0,35.93318,5.73082,0
01/25/2026 10:30:00,0,36.68582,5.6663,0
01/25/2026 11:00:00,0,36.5568,3.97824,0.01076
01/25/2026 11:30:00,0,37.86854,3.82772,0
01/25/2026 12:00:00,0,36.87936,3.7202,0
01/25/2026 12:30:00,0,36.50304,3.5374,0
01/25/2026 13:00:00,0,37.45998,3.25786,0
01/25/2026 13:30:00,0,37.7879,3.40838,0
01/25/2026 14:00:00,0,37.0299,4.58036,0
01/25/2026 14:30:00,0,35.6859,5.01044,0
01/25/2026 15:00:00,0,37.28794,4.76314,0
01/25/2026 15:30:00,0,37.01914,4.7954,0
01/25/2026 16:00:00,0,35.37408,5.01044,0
01/25/2026 16:30:00,0,37.16968,4.46208,0
01/25/2026 17:00:00,0,36.94926,4.62336,0
01/25/2026 17:30:00,0,36.0891,5.09644,0
01/25/2026 18:00:00,0,36.67508,4.39756,0
01/25/2026 18:30:00,0,36.66432,4.38682,0
01/25/2026 19:00:00,0,36.37402,4.26854,0
01/25/2026 19:30:00,0,37.55674,4.51584,0
01/25/2026 20:00:00,0,38.1266,4.50508,0
01/25/2026 20:30:00,0,39.19104,4.44058,0
01/25/2026 21:00:00,0,37.80942,4.94592,0
01/25/2026 21:30:00,0,39.06202,4.36532,0
01/25/2026 22:00:00,0,38.85774,3.95674,0
01/25/2026 22:30:00,0,38.85774,3.7632,0
01/25/2026 23:00:00,0,39.4706,3.54816,0
01/25/2026 23:30:00,0,37.94382,3.95674,0
01/26/2026 00:00:00,0,39.39534,2.9568,0
01/26/2026 00:30:00,0,38.38464,2.71488,0.01076
01/26/2026 01:00:00,0,38.76096,2.60198,0
01/26/2026 01:30:00,0,38.90074,2.92454,0
01/26/2026 02:00:00,0,38.26638,4.62336,0
01/26/2026 02:30:00,0,38.933,4.5481,0
01/26/2026 03:00:00,0,37.67502,4.92442,0
01/26/2026 03:30:00,0,39.2018,4.26854,0
01/26/2026 04:00:00,0,38.55668,3.93524,0
01/26/2026 04:30:00,0,38.84698,3.38688,0
01/26/2026 05:00:00,0,38.38464,3.91372,0
01/26/2026 05:30:00,0,39.54586,3.42988,0
01/26/2026 06:00:00,0,39.16954,3.82772,0
01/26/2026 06:30:00,0,37.19118,5.05344,0
01/26/2026 07:00:00,0,41.87904,5.34374,0
01/26/2026 07:30:00,0,57.81352,2.9568,0.98918
01/26/2026 08:00:00,0,94.5961,0.0215,12.82714
01/26/2026 08:30:00,0,204.0084,0,67.2699
01/26/2026 09:00:00,0,237.7376,0,68.60852
01/26/2026 09:30:00,0,243.1458,0,70.8987
01/26/2026 10:00:00,0,248.1454,0,70.47938
01/26/2026 10:30:00,0,258.8974,0,79.7906
01/26/2026 11:00:00,0,259.6394,0,81.2475
01/26/2026 11:30:00,0,263.123,0,82.91944
01/26/2026 12:00:00,0,259.8328,0,82.82266
01/26/2026 12:30:00,0,252.9194,0,82.31732
01/26/2026 13:00:00,0,254.231,0,86.85466
01/26/2026 13:30:00,0,243.479,0,84.10214
01/26/2026 14:00:00,0,238.4902,0,77.3714
01/26/2026 14:30:00,0,251.3066,0,86.4676
01/26/2026 15:00:00,0,250.07,0,82.82266
01/26/2026 15:30:00,0,255.2202,0,80.81204
01/26/2026 16:00:00,0,250.4678,0,80.00564
01/26/2026 16:30:00,0,259.4136,0,75.83386
01/26/2026 17:00:00,0,261.3166,0,77.24238
01/26/2026 17:30:00,0,256.6072,0,79.34976
01/26/2026 18:00:00,0,227.9962,0,70.78042
01/26/2026 18:30:00,0,195.81544,0,59.98542
01/26/2026 19:00:00,0,173.19324,0,50.70644
01/26/2026 19:30:00,0,98.07976,0,19.19232
01/26/2026 20:00:00,0,71.94164,0.05376,0.8494
01/26/2026 20:30:00,0,58.66292,0.86016,0.13978
01/26/2026 21:00:00,0,47.34106,2.13964,0.01076
01/26/2026 21:30:00,0,47.39482,1.39776,0.01076
01/26/2026 22:00:00,0,42.79296,1.26874,0.13978
01/26/2026 22:30:00,0,41.23392,3.87072,0
01/26/2026 23:00:00,0,39.9652,4.29004,0
01/26/2026 23:30:00,0,41.0404,4.08576,0
01/27/2026 00:00:00,0,41.26618,3.66644,0
01/27/2026 00:30:00,0,39.40608,5.9351,0
01/27/2026 01:00:00,0,40.53504,5.74156,0
01/27/2026 01:30:00,0,39.88992,5.6233,0
01/27/2026 02:00:00,0,39.59424,5.42976,0
01/27/2026 02:30:00,0,40.68558,5.27924,0
01/27/2026 03:00:00,0,39.1104,5.54804,0
01/27/2026 03:30:00,0,40.88986,4.65562,0
01/27/2026 04:00:00,0,40.36302,4.5266,0
01/27/2026 04:30:00,0,40.32,4.22016,0
01/27/2026 05:00:00,0,41.71238,4.22016,0
01/27/2026 05:30:00,0,40.67482,4.661,0
01/27/2026 06:00:00,0,41.01888,4.64486,0
01/27/2026 06:30:00,0,39.39534,5.6663,0
01/27/2026 07:00:00,0,44.23374,5.61254,0.05376
01/27/2026 07:30:00,0,59.79188,0.90316,0.34406
01/27/2026 08:00:00,0,94.2843,0.2473,9.99398
01/27/2026 08:30:00,0,194.78326,0,68.57088
01/27/2026 09:00:00,0,216.5346,0,75.36078
01/27/2026 09:30:00,0,221.8782,0,73.71572
01/27/2026 10:00:00,0,226.9102,0,75.9844
01/27/2026 10:30:00,0,231.7808,0,80.02714
01/27/2026 11:00:00,0,237.4902,0,80.13466
01/27/2026 11:30:00,0,252.6828,0,80.65076
01/27/2026 12:00:00,0,260.1124,0,78.01652
01/27/2026 12:30:00,0,257.0804,0,80.5755
01/27/2026 13:00:00,0,259.1984,0,82.77966
01/27/2026 13:30:00,0,239.931,0,81.2045
01/27/2026 14:00:00,0,232.5228,0,77.0112
01/27/2026 14:30:00,0,240.619,0,74.3232
01/27/2026 15:00:00,0,241.447,0,76.48974
01/27/2026 15:30:00,0,256.1664,0,75.00596
01/27/2026 16:00:00,0,255.145,0,76.36072
01/27/2026 16:30:00,0,254.1558,0,77.15636
01/27/2026 17:00:00,0,244.6402,0,76.37146
01/27/2026 17:30:00,0,234.3936,0,75.6941
01/27/2026 18:00:00,0,196.31004,0,66.49038
01/27/2026 18:30:00,0,175.09634,0,63.11426
01/27/2026 19:00:00,0,152.09242,0,52.8676
01/27/2026 19:30:00,0,102.29454,0,25.13818
01/27/2026 20:00:00,0,70.35034,1.02144,0.87092
01/27/2026 20:30:00,0,65.2109,1.50528,0.03226
01/27/2026 21:00:00,0,57.93178,3.30086,0
01/27/2026 21:30:00,0,52.51278,2.03212,0
01/27/2026 22:00:00,0,51.48058,2.05364,0.01076
01/27/2026 22:30:00,0,46.65294,2.4192,0.01076
01/27/2026 23:00:00,0,45.74976,2.3278,0
01/27/2026 23:30:00,0,43.7714,2.32244,0
01/28/2026 00:00:00,0,44.90036,1.20422,0.08602
01/28/2026 00:30:00,0,44.9111,3.61268,0
01/28/2026 01:00:00,0,44.38426,3.79546,0
01/28/2026 01:30:00,0,44.36276,4.65562,0
01/28/2026 02:00:00,0,44.25524,5.45126,0
01/28/2026 02:30:00,0,43.65312,5.67706,0
01/28/2026 03:00:00,0,44.64232,5.53728,0
01/28/2026 03:30:00,0,44.13696,4.97818,0
01/28/2026 04:00:00,0,44.41652,5.1287,0
01/28/2026 04:30:00,0,44.71758,4.76852,0
01/28/2026 05:00:00,0,43.72838,4.94592,0
01/28/2026 05:30:00,0,45.39496,4.38682,0
01/28/2026 06:00:00,0,44.73908,4.5481,0
01/28/2026 06:30:00,0,43.7714,5.59104,0
01/28/2026 07:00:00,0,50.84622,5.13946,0
01/28/2026 07:30:00,0,62.90996,2.67724,1.29024
01/28/2026 08:00:00,0,100.84302,0,17.4505
01/28/2026 08:30:00,0,194.4607,0,68.46874
01/28/2026 09:00:00,0,229.7596,0,73.93076
01/28/2026 09:30:00,0,241.447,0,85.22036
01/28/2026 10:00:00,0,239.7266,0,83.42478
01/28/2026 10:30:00,0,233.4904,0,73.24264
01/28/2026 11:00:00,0,229.953,0,71.10298
01/28/2026 11:30:00,0,231.0282,0,72.51686
01/28/2026 12:00:00,0,236.4902,0,75.97364
01/28/2026 12:30:00,0,238.7912,0,78.81754
01/28/2026 13:00:00,0,236.6408,0,77.71546
01/28/2026 13:30:00,0,235.6302,0,80.89806
01/28/2026 14:00:00,0,234.813,0,77.02734
01/28/2026 14:30:00,0,242.221,0,76.5865
01/28/2026 15:00:00,0,251.629,0,78.9627
01/28/2026 15:30:00,0,258.0802,0,79.14548
01/28/2026 16:00:00,0,253.2204,0,74.04904
01/28/2026 16:30:00,0,255.1234,0,75.7801
01/28/2026 17:00:00,0,249.1024,0,73.79098
01/28/2026 17:30:00,0,237.888,0,69.5977
01/28/2026 18:00:00,0,206.718,0,59.6306
01/28/2026 18:30:00,0,204.6858,0,61.67348
01/28/2026 19:00:00,0,179.1606,0,57.03936
01/28/2026 19:30:00,0,128.47566,0,30.0626
01/28/2026 20:00:00,0,95.16596,0.20428,2.69876
01/28/2026 20:30:00,0,84.23118,1.17196,0.08602
01/28/2026 21:00:00,0,76.03816,2.4192,0.01076
01/28/2026 21:30:00,0,69.31816,2.4622,0
01/28/2026 22:00:00,0,68.31822,2.26868,0
01/28/2026 22:30:00,0,61.31866,5.1502,0
01/28/2026 23:00:00,0,56.32974,5.19322,0
01/28/2026 23:30:00,0,53.55572,5.18246,0
01/29/2026 00:00:00,0,54.2331,4.73088,0
01/29/2026 01:30:00,0,49.71726,6.70926,0
01/29/2026 13:30:00,0,227.792,0,79.0057
01/29/2026 14:30:00,0,223.233,0,73.45768
01/29/2026 15:30:00,0,224.3298,0,72.97384
01/29/2026 19:00:00,0,177.5048,0,60.58752
01/29/2026 21:30:00,0,58.54464,3.5374,0
01/30/2026 00:30:00,0,40.38452,5.97812,0
01/30/2026 01:00:00,0,39.41684,6.11788,0
01/30/2026 01:30:00,0,40.51354,5.72006,0
01/30/2026 02:00:00,0,39.65338,5.90284,0
01/30/2026 02:30:00,0,39.61038,5.69856,0
01/30/2026 03:00:00,0,41.05114,4.88678,0
01/30/2026 03:30:00,0,40.5888,4.82764,0
01/30/2026 04:00:00,0,40.72858,4.5481,0
01/30/2026 04:30:00,0,39.87918,4.44058,0
01/30/2026 05:00:00,0,41.48122,3.7417,0
01/30/2026 05:30:00,0,39.91142,4.49434,0
01/30/2026 06:00:00,0,41.29306,4.22016,0
01/30/2026 06:30:00,0,42.53492,4.8599,0
01/30/2026 07:00:00,0,43.22304,5.6448,0
01/30/2026 07:30:00,0,54.7492,4.44596,0.70964
01/30/2026 08:00:00,0,86.59662,0.03226,7.41888
01/30/2026 08:30:00,0,191.5254,0,68.32898
01/30/2026 09:00:00,0,201.0302,0,68.89882
01/30/2026 09:30:00,0,205.331,0,69.18912
01/30/2026 10:00:00,0,207.7502,0,68.19456
01/30/2026 10:30:00,0,211.9542,0,69.22138
01/30/2026 11:00:00,0,213.1154,0,67.06022
01/30/2026 11:30:00,0,214.7712,0,67.84514
01/30/2026 12:00:00,0,217.9324,0,74.3501
01/30/2026 12:30:00,0,190.5147,0,59.78112
01/30/2026 13:00:00,0,152.80744,0,47.0615
01/30/2026 13:30:00,0,145.3348,0,45.9003
01/30/2026 14:00:00,0,149.3453,0,45.52398
01/30/2026 14:30:00,0,146.06594,0,44.78208
01/30/2026 15:00:00,0,202.0624,0,68.43648
01/30/2026 15:30:00,0,206.5136,0,68.83432
01/30/2026 16:00:00,0,206.6964,0,69.69448
01/30/2026 16:30:00,0,207.6534,0,72.447
01/30/2026 17:00:00,0,205.2558,0,66.99572
01/30/2026 17:30:00,0,197.56802,0,67.07098
01/30/2026 18:00:00,0,172.41372,0,60.53376
01/30/2026 18:30:00,0,165.18836,0,54.2331
01/30/2026 19:00:00,0,137.07728,0,40.80384
01/30/2026 19:30:00,0,105.13306,0,21.40724
01/30/2026 20:00:00,0,70.18906,4.31156,0.23654
01/30/2026 20:30:00,0,60.85632,4.5696,0
01/30/2026 21:00:00,0,58.95322,4.17178,0
01/30/2026 21:30:00,0,57.30816,4.15028,0
01/30/2026 22:00:00,0,52.1257,4.3223,0
01/30/2026 22:30:00,0,47.76038,6.6985,0
01/30/2026 23:00:00,0,46.24436,6.06412,0
01/30/2026 23:30:00,0,44.67456,5.8921,0
01/31/2026 00:00:00,0,44.05096,4.46208,0
01/31/2026 00:30:00,0,45.3627,2.76326,0
01/31/2026 01:00:00,0,43.86816,2.76326,0
01/31/2026 01:30:00,0,44.76058,2.62348,0.01076
01/31/2026 02:00:00,0,45.00788,2.45146,0
01/31/2026 02:30:00,0,43.63162,2.36544,0
01/31/2026 03:00:00,0,45.25518,1.47302,0.01076
01/31/2026 03:30:00,0,44.76058,1.29024,0.03226
01/31/2026 04:00:00,0,44.36276,2.87078,0
01/31/2026 04:30:00,0,45.07238,3.4729,0.01076
01/31/2026 05:00:00,0,43.1209,4.41908,0
01/31/2026 05:30:00,0,44.96488,4.24704,0
01/31/2026 06:00:00,0,44.68532,4.10726,0
01/31/2026 06:30:00,0,43.68538,4.22016,0
01/31/2026 07:00:00,0,43.37358,4.40832,0
01/31/2026 07:30:00,0,43.57786,4.8169,0
01/31/2026 08:00:00,0,40.86836,6.11788,0
01/31/2026 08:30:00,0,40.97588,6.1609,0
01/31/2026 09:00:00,0,41.23392,5.20934,0
01/31/2026 09:30:00,0,41.621,5.419,0
01/31/2026 10:00:00,0,42.7177,3.46214,0
01/31/2026 10:30:00,0,41.95432,3.55892,0
01/31/2026 11:00:00,0,42.12634,3.96748,0
01/31/2026 11:30:00,0,43.2338,3.50516,0
01/31/2026 12:00:00,0,42.68006,3.42988,0
01/31/2026 12:30:00,0,42.91124,2.60736,0
01/31/2026 13:00:00,0,43.49722,2.96756,0
01/31/2026 13:30:00,0,42.88974,4.82764,0
01/31/2026 14:00:00,0,41.07264,5.54804,0
01/31/2026 14:30:00,0,43.24454,5.26848,0
01/31/2026 15:00:00,0,42.9435,5.24698,0
01/31/2026 15:30:00,0,42.50266,5.3545,0
01/31/2026 16:00:00,0,42.21774,5.52652,0
01/31/2026 16:30:00,0,41.8683,5.92436,0
01/31/2026 17:00:00,0,41.07264,5.88134,0
01/31/2026 17:30:00,0,42.10484,5.56954,0
01/31/2026 18:00:00,0,42.34138,5.28998,0
01/31/2026 18:30:00,0,41.48122,4.75238,0
01/31/2026 19:00:00,0,43.01338,4.40832,0
01/31/2026 19:30:00,0,42.48116,4.51584,0.01076
01/31/2026 20:00:00,0,43.85742,4.18252,0
01/31/2026 20:30:00,0,44.5778,3.67718,0
01/31/2026 21:00:00,0,44.76058,3.59116,0
01/31/2026 21:30:00,0,43.98106,3.50516,0
01/31/2026 22:00:00,0,44.98638,2.9353,0
01/31/2026 22:30:00,0,44.45952,4.65562,0
01/31/2026 23:00:00,0,42.78222,5.88134,0
01/31/2026 23:30:00,0,44.29824,5.30074,0
02/01/2026 00:00:00,0,42.9865,5.58028,0
02/01/2026 00:30:00,0,44.0832,4.76314,0
02/01/2026 01:00:00,0,43.2553,5.20934,0
02/01/2026 01:30:00,0,44.5563,4.37606,0
02/01/2026 02:00:00,0,43.05638,4.6126,0
02/01/2026 02:30:00,0,43.98106,4.23092,0
02/01/2026 03:00:00,0,43.85742,3.88148,0
02/01/2026 03:30:00,0,43.8359,3.60192,0
02/01/2026 04:00:00,0,44.8681,3.05356,0
02/01/2026 04:30:00,0,44.70682,2.98906,0
02/01/2026 05:00:00,0,44.5348,2.83852,0
02/01/2026 05:30:00,0,44.74984,2.65574,0.01076
02/01/2026 06:00:00,0,44.1047,4.70938,0
02/01/2026 06:30:00,0,44.05096,4.74164,0
02/01/2026 07:00:00,0,42.65856,5.0857,0
02/01/2026 07:30:00,0,42.77146,4.68788,0
02/01/2026 08:00:00,0,41.1264,5.47276,0
02/01/2026 08:30:00,0,41.3952,5.70932,0
02/01/2026 09:00:00,0,41.01888,5.90284,0
02/01/2026 09:30:00,0,42.13172,5.6448,0
02/01/2026 10:00:00,0,42.34138,6.27916,0
02/01/2026 10:30:00,0,42.17472,6.44044,0
02/01/2026 11:00:00,0,41.33606,6.77376,0
02/01/2026 11:30:00,0,42.90048,6.4942,0
02/01/2026 12:00:00,0,42.78222,6.44044,0
02/01/2026 12:30:00,0,42.38438,6.27916,0
02/01/2026 13:00:00,0,42.07258,6.30068,0
02/01/2026 13:30:00,0,42.93274,6.19316,0
02/01/2026 14:00:00,0,42.29838,4.92442,0
02/01/2026 14:30:00,0,44.38426,4.8169,0
02/01/2026 15:00:00,0,43.51336,5.2201,0
02/01/2026 15:30:00,0,43.49722,3.58042,0
02/01/2026 16:00:00,0,42.63168,3.16108,0
02/01/2026 16:30:00,0,43.37358,3.67718,0
02/01/2026 17:00:00,0,42.4919,3.65568,0
02/01/2026 17:30:00,0,43.20154,3.5374,0
02/01/2026 18:00:00,0,43.58324,2.9568,0
02/01/2026 18:30:00,0,43.008,3.21484,0
02/01/2026 19:00:00,0,43.42734,2.78476,0
02/01/2026 19:30:00,0,43.008,3.33312,0
02/01/2026 20:00:00,0,45.1154,2.98906,0.01076
02/01/2026 20:30:00,0,44.38426,3.56966,0
02/01/2026 21:00:00,0,45.4272,3.34388,0
02/01/2026 21:30:00,0,45.0939,3.2041,0
02/01/2026 22:00:00,0,44.5348,2.90304,0
02/01/2026 22:30:00,0,45.59924,1.58054,0
02/01/2026 23:00:00,0,45.51322,1.301,0.0215
02/01/2026 23:30:00,0,44.24448,1.45152,0
02/02/2026 00:00:00,0,44.22298,3.03206,0.01076
02/02/2026 00:30:00,0,44.09396,4.17178,0
02/02/2026 01:00:00,0,44.27674,4.0105,0
02/02/2026 01:30:00,0,44.24448,4.02124,0
02/02/2026 02:00:00,0,44.54554,3.89222,0
02/02/2026 02:30:00,0,44.05096,3.79546,0
02/02/2026 03:00:00,0,44.0402,3.13958,0
02/02/2026 03:30:00,0,45.4272,2.5536,0
02/02/2026 04:00:00,0,44.19072,2.59124,0
02/02/2026 04:30:00,0,44.17998,4.44058,0
02/02/2026 05:00:00,0,44.41652,4.55348,0
02/02/2026 05:30:00,0,44.0187,4.44058,0
02/02/2026 06:00:00,0,44.2875,4.22016,0
02/02/2026 06:30:00,0,43.55636,4.58036,0
02/02/2026 07:00:00,0,49.63124,3.64492,0
02/02/2026 07:30:00,0,59.1575,4.48358,0.13978
02/02/2026 08:00:00,0,84.45698,0.15052,2.25792
02/02/2026 08:30:00,0,103.50952,0,4.76852
02/02/2026 09:00:00,0,124.40066,0,10.04238
02/02/2026 09:30:00,0,124.64794,0,9.04244
02/02/2026 10:00:00,0,132.35714,0,9.30048
02/02/2026 10:30:00,0,137.6471,0,8.97792
02/02/2026 11:00:00,0,142.84034,0,10.21978
02/02/2026 11:30:00,0,146.02294,0,9.9026
02/02/2026 12:00:00,0,139.3298,0,9.81658
02/02/2026 12:30:00,0,138.80834,0,11.0208
02/02/2026 13:00:00,0,136.89986,0,10.709
02/02/2026 13:30:00,0,132.47542,0,15.39686
02/02/2026 14:00:00,0,130.87336,0,14.62272
02/02/2026 14:30:00,0,133.65812,0,12.3648
02/02/2026 15:00:00,0,132.01306,0,10.752
02/02/2026 15:30:00,0,135.04514,0,12.24654
02/02/2026 16:00:00,0,133.84092,0,14.2679
02/02/2026 16:30:00,0,133.55062,0,14.33242
02/02/2026 17:00:00,0,132.73346,0,14.04212
02/02/2026 17:30:00,0,121.17504,0,6.9888
02/02/2026 18:00:00,0,89.89748,0.043,1.87084
02/02/2026 18:30:00,0,80.95182,0,1.51604
02/02/2026 19:00:00,0,70.47938,0.65588,0.2473
02/02/2026 19:30:00,0,58.97472,2.35468,0.01076
02/02/2026 20:00:00,0,57.792,2.52672,0
02/02/2026 20:30:00,0,55.78138,2.65574,0
02/02/2026 21:00:00,0,48.0722,2.59124,0
02/02/2026 21:30:00,0,43.33056,2.42996,0.01076
02/02/2026 22:00:00,0,42.95424,3.11808,0
02/02/2026 22:30:00,0,41.53498,4.97818,0
02/02/2026 23:00:00,0,42.57254,4.35456,0
02/02/2026 23:30:00,0,41.58874,4.51584,0
02/03/2026 00:00:00,0,42.07258,4.16102,0
02/03/2026 00:30:00,0,42.15322,5.54804,0
02/03/2026 01:00:00,0,40.5458,6.26842,0
02/03/2026 01:30:00,0,41.96506,5.61254,0
02/03/2026 02:00:00,0,41.3307,5.72006,0
02/03/2026 02:30:00,0,41.09416,5.48352,0
02/03/2026 03:00:00,0,41.50272,5.02118,0.07526
02/03/2026 03:30:00,0,41.99732,4.63412,0
02/03/2026 04:00:00,0,41.9113,4.08576,0
02/03/2026 04:30:00,0,42.93274,3.31162,0.01076
02/03/2026 05:00:00,0,42.06182,3.5159,0
02/03/2026 05:30:00,0,42.51342,3.50516,0
02/03/2026 06:00:00,0,42.9435,3.46214,0
02/03/2026 06:30:00,0,41.47048,4.44596,0
02/03/2026 07:00:00,0,45.73902,4.47284,0
02/03/2026 07:30:00,0,53.70624,2.80628,0.43008
02/03/2026 08:00:00,0,90.57486,0.32256,8.95642
02/03/2026 08:30:00,0,199.03028,0,66.79144
02/03/2026 09:00:00,0,224.0932,0,71.5008
02/03/2026 09:30:00,0,226.921,0,68.8128
02/03/2026 10:00:00,0,236.114,0,67.85588
02/03/2026 10:30:00,0,239.4148,0,69.03322
02/03/2026 11:00:00,0,253.0268,0,71.7051
02/03/2026 11:30:00,0,255.618,0,70.72666
02/03/2026 12:00:00,0,252.7042,0,69.67298
02/03/2026 12:30:00,0,240.49,0,73.3394
02/03/2026 13:00:00,0,239.533,0,80.14542
02/03/2026 13:30:00,0,236.3182,0,83.38176
02/03/2026 14:00:00,0,234.9204,0,81.10234
02/03/2026 14:30:00,0,239.888,0,82.93018
02/03/2026 15:00:00,0,246.4036,0,89.66094
02/03/2026 15:30:00,0,242.8124,0,87.50516
02/03/2026 16:00:00,0,244.479,0,85.05908
02/03/2026 16:30:00,0,247.2746,0,83.72584
02/03/2026 17:00:00,0,252.9194,0,84.61826
02/03/2026 17:30:00,0,250.769,0,87.12346
02/03/2026 18:00:00,0,227.7274,0,82.4571
02/03/2026 18:30:00,0,186.61172,0,71.56532
02/03/2026 19:00:00,0,175.04258,0,68.58702
02/03/2026 19:30:00,0,102.25154,0,30.48192
02/03/2026 20:00:00,0,68.35048,1.74182,1.31174
02/03/2026 20:30:00,0,55.22228,2.48372,0
02/03/2026 21:00:00,0,53.91054,1.80634,0.01076
02/03/2026 21:30:00,0,46.51316,2.04288,0.01076
02/03/2026 22:00:00,0,46.4809,1.40852,0.01076
02/03/2026 22:30:00,0,44.16922,4.51584,0
02/03/2026 23:00:00,0,44.27674,4.36532,0
02/03/2026 23:30:00,0,43.53486,4.3223,0
02/04/2026 00:00:00,0,43.31982,5.75232,0
02/04/2026 00:30:00,0,44.19072,5.82758,0
02/04/2026 01:00:00,0,42.77146,6.50496,0
02/04/2026 01:30:00,0,43.95418,5.84908,0
02/04/2026 02:00:00,0,43.40584,5.84908,0
02/04/2026 02:30:00,0,43.51336,5.72006,0
02/04/2026 03:00:00,0,44.0617,5.24698,0
02/04/2026 03:30:00,0,43.2338,5.03194,0
02/04/2026 04:00:00,0,44.2875,4.44058,0
02/04/2026 04:30:00,0,43.38432,4.53734,0
02/04/2026 05:00:00,0,43.56174,4.40832,0
02/04/2026 05:30:00,0,44.13696,3.92448,0
02/04/2026 06:00:00,0,43.34132,4.46208,0
02/04/2026 06:30:00,0,42.88974,5.1502,0
02/04/2026 07:00:00,0,47.5131,4.76314,0
02/04/2026 07:30:00,0,67.9634,2.86004,0.37632
02/04/2026 08:00:00,0,91.56404,0.18278,8.2898
02/04/2026 08:30:00,0,200.8796,0,75.18874
02/04/2026 09:00:00,0,218.8462,0,72.93082
02/04/2026 09:30:00,0,215.1798,0,66.0603
02/04/2026 10:00:00,0,230.4692,0,67.29678
02/04/2026 10:30:00,0,233.1786,0,71.80186
02/04/2026 11:00:00,0,235.114,0,72.57602
02/04/2026 11:30:00,0,237.6838,0,74.26408
02/04/2026 12:00:00,0,233.3292,0,69.94178
02/04/2026 12:30:00,0,223.2116,0,65.30766
02/04/2026 13:00:00,0,232.684,0,69.2644
02/04/2026 13:30:00,0,238.3826,0,77.0811
02/04/2026 14:00:00,0,237.4258,0,75.27476
02/04/2026 14:30:00,0,244.6188,0,80.81204
02/04/2026 15:00:00,0,254.231,0,82.87642
02/04/2026 15:30:00,0,257.962,0,78.51112
02/04/2026 16:00:00,0,256.7362,0,74.3931
02/04/2026 16:30:00,0,258.6608,0,73.02222
02/04/2026 17:00:00,0,259.3168,0,73.0491
02/04/2026 17:30:00,0,247.9626,0,69.95252
02/04/2026 18:00:00,0,212.524,0,67.45806
02/04/2026 18:30:00,0,205.6966,0,67.3129
02/04/2026 19:00:00,0,191.43938,0,69.14612
02/04/2026 19:30:00,0,141.67374,0,38.4384
02/04/2026 20:00:00,0,91.5963,0.68812,0.30106
02/04/2026 20:30:00,0,85.19348,0.91392,0.15052
02/04/2026 21:00:00,0,75.61882,0.56448,0.23654
02/04/2026 21:30:00,0,63.03898,0,0.8494
02/04/2026 22:00:00,0,54.93198,0.043,0.73114
02/04/2026 22:30:00,0,55.5986,2.1934,0.05376
02/04/2026 23:00:00,0,52.99662,2.52672,0.01076
02/04/2026 23:30:00,0,51.2763,1.6558,0.03226
02/05/2026 00:00:00,0,49.27642,2.83852,0
02/05/2026 00:30:00,0,46.04006,4.5911,0
02/05/2026 01:00:00,0,46.76046,4.35456,0
02/05/2026 01:30:00,0,44.9111,4.9943,0
02/05/2026 02:00:00,0,45.50248,4.98892,0
02/05/2026 02:30:00,0,46.30886,4.76314,0
02/05/2026 03:00:00,0,45.08314,4.90292,0
02/05/2026 03:30:00,0,46.96474,4.075,0
02/05/2026 04:00:00,0,44.64232,4.51584,0
02/05/2026 04:30:00,0,46.00782,3.87072,0
02/05/2026 05:00:00,0,46.58842,3.85996,0
02/05/2026 05:30:00,0,46.20136,3.77396,0
02/05/2026 06:00:00,0,45.73902,3.97824,0
02/05/2026 06:30:00,0,44.0617,4.96742,0
02/05/2026 07:00:00,0,50.7602,4.6126,0
02/05/2026 07:30:00,0,58.14682,2.03212,1.64506
02/05/2026 08:00:00,0,93.69294,0,10.47246
02/05/2026 08:30:00,0,200.8474,0,76.23168
02/05/2026 09:00:00,0,215.9216,0,75.07584
02/05/2026 09:30:00,0,231.4476,0,75.99514
02/05/2026 10:00:00,0,235.5872,0,74.9952
02/05/2026 10:30:00,0,237.9526,0,76.03816
02/05/2026 11:00:00,0,242.5328,0,81.55394
02/05/2026 11:30:00,0,244.479,0,87.71482
02/05/2026 12:00:00,0,248.1132,0,90.68238
02/05/2026 12:30:00,0,245.2854,0,91.8221
02/05/2026 13:00:00,0,238.9418,0,85.10208
02/05/2026 13:30:00,0,226.749,0,79.88736
02/05/2026 14:00:00,0,231.4798,0,78.62938
02/05/2026 14:30:00,0,239.7696,0,81.37652
02/05/2026 15:00:00,0,245.1026,0,86.01602
02/05/2026 15:30:00,0,244.0166,0,83.88712
02/05/2026 16:00:00,0,245.436,0,85.04834
02/05/2026 16:30:00,0,237.63,0,81.52168
02/05/2026 17:00:00,0,236.5226,0,82.87642
02/05/2026 17:30:00,0,235.5764,0,82.0055
02/05/2026 18:00:00,0,212.3306,0,77.80686
02/05/2026 18:30:00,0,191.97698,0,71.9954
02/05/2026 19:00:00,0,187.5149,0,70.1568
02/05/2026 19:30:00,0,125.65864,0.0215,29.64326
02/05/2026 20:00:00,0,92.08014,0.47308,0.32256
02/05/2026 20:30:00,0,84.1344,1.0322,0.10752
02/05/2026 21:00:00,0,71.83412,0.73114,0.15052
02/05/2026 21:30:00,0,58.8027,0.25804,0.35482
02/05/2026 22:00:00,0,46.84646,1.45152,0.21504
02/05/2026 22:30:00,0,47.21204,3.27936,0
02/05/2026 23:00:00,0,47.23354,2.82778,0
02/05/2026 23:30:00,0,45.1799,5.1287,0
02/06/2026 00:00:00,0,46.7927,4.9943,0
02/06/2026 00:30:00,0,46.90024,4.70938,0
02/06/2026 01:00:00,0,45.653,5.03194,0
02/06/2026 01:30:00,0,46.91098,4.3223,0
02/06/2026 02:00:00,0,46.1906,4.36532,0
02/06/2026 02:30:00,0,46.997,3.88148,0
02/06/2026 03:00:00,0,46.5239,3.75244,0
02/06/2026 03:30:00,0,46.69594,3.63418,0
02/06/2026 04:00:00,0,47.81416,3.11808,0.01076
02/06/2026 04:30:00,0,46.53466,3.07508,0
02/06/2026 05:00:00,0,46.73896,3.02132,0
02/06/2026 05:30:00,0,47.83566,2.74176,0
02/06/2026 06:00:00,0,46.38414,3.44064,0
02/06/2026 06:30:00,0,45.54548,4.08576,0
02/06/2026 07:00:00,0,49.36244,4.84916,0
02/06/2026 07:30:00,0,68.03866,2.9568,0.5591
02/06/2026 08:00:00,0,114.99266,0,13.42926
02/06/2026 08:30:00,0,214.2552,0,77.55418
02/06/2026 09:00:00,0,229.4908,0,82.21518
02/06/2026 09:30:00,0,227.2006,0,79.04872
02/06/2026 10:00:00,0,225.405,0,78.64014
02/06/2026 10:30:00,0,220.9752,0,76.57576
02/06/2026 11:00:00,0,223.6954,0,75.87686
02/06/2026 11:30:00,0,224.7598,0,75.27476
02/06/2026 12:00:00,0,227.48,0,76.96282
02/06/2026 12:30:00,0,222.0288,0,76.78004
02/06/2026 13:00:00,0,202.8796,0,73.79098
02/06/2026 13:30:00,0,196.6541,0,73.24264
02/06/2026 14:00:00,0,198.76148,0,74.65114
02/06/2026 14:30:00,0,200.0732,0,74.6404
02/06/2026 15:00:00,0,217.5452,0,77.07036
02/06/2026 15:30:00,0,221.2116,0,76.37146
02/06/2026 16:00:00,0,223.5986,0,77.29614
02/06/2026 16:30:00,0,225.1254,0,76.00052
02/06/2026 17:00:00,0,226.663,0,77.77998
02/06/2026 17:30:00,0,216.6206,0,72.87706
02/06/2026 18:00:00,0,194.12738,0,67.01722
02/06/2026 18:30:00,0,177.10696,0,63.50132
02/06/2026 19:00:00,0,169.07522,0,59.71662
02/06/2026 19:30:00,0,111.05742,0,25.2457
02/06/2026 20:00:00,0,80.74214,2.9353,0.95692
02/06/2026 20:30:00,0,73.5652,4.70938,0
02/06/2026 21:00:00,0,54.5019,3.96748,0
02/06/2026 21:30:00,0,46.22286,3.32236,0
02/06/2026 22:00:00,0,44.65306,5.13946,0
02/06/2026 22:30:00,0,41.85754,5.26848,0
02/06/2026 23:00:00,0,43.37358,4.3223,0
02/06/2026 23:30:00,0,41.7769,4.55348,0
02/07/2026 00:00:00,0,42.93274,4.15028,0
02/07/2026 00:30:00,0,41.664,4.41908,0
02/07/2026 01:00:00,0,42.82522,3.96748,0
02/07/2026 01:30:00,0,42.35214,4.29004,0
02/07/2026 02:00:00,0,42.4704,4.06426,0
02/07/2026 02:30:00,0,42.63168,3.84922,0
02/07/2026 03:00:00,0,42.48116,3.59116,0
02/07/2026 03:30:00,0,43.1908,2.9783,0
02/07/2026 04:00:00,0,41.8898,3.05356,0.01076
02/07/2026 04:30:00,0,43.39508,2.22028,0
02/07/2026 05:00:00,0,42.26074,2.84928,0
02/07/2026 05:30:00,0,42.7607,4.50508,0
02/07/2026 06:00:00,0,41.51348,5.03194,0
02/07/2026 06:30:00,0,41.7554,4.96742,0
02/07/2026 07:00:00,0,41.37908,5.18246,0
02/07/2026 07:30:00,0,40.65332,6.06412,0
02/07/2026 08:00:00,0,50.7602,2.81702,6.03188
02/07/2026 08:30:00,0,129.38958,0,60.91008
02/07/2026 09:00:00,0,135.572,0,64.64102
02/07/2026 09:30:00,0,134.18498,0,62.5659
02/07/2026 10:00:00,0,134.81936,0,62.2971
02/07/2026 10:30:00,0,134.63118,0,61.54446
02/07/2026 11:00:00,0,135.4537,0,61.20038
02/07/2026 11:30:00,0,136.1526,0,61.21114
02/07/2026 12:00:00,0,137.16328,0,62.38312
02/07/2026 12:30:00,0,134.89462,0,63.00672
02/07/2026 13:00:00,0,135.0989,0,62.99598
02/07/2026 13:30:00,0,133.83016,0,61.5122
02/07/2026 14:00:00,0,133.41082,0,60.63054
02/07/2026 14:30:00,0,132.97,0,60.59828
02/07/2026 15:00:00,0,128.6692,0,59.48008
02/07/2026 15:30:00,0,125.05652,0,57.60922
02/07/2026 16:00:00,0,87.65032,0,33.93332
02/07/2026 16:30:00,0,71.7051,0.07526,23.19206
02/07/2026 17:00:00,0,48.17972,2.35468,2.9998
02/07/2026 17:30:00,0,39.58886,2.60198,0
02/07/2026 18:00:00,0,39.79316,2.04288,0
02/07/2026 18:30:00,0,40.89524,0.67738,0.17204
02/07/2026 19:00:00,0,39.4491,1.60204,0
02/07/2026 19:30:00,0,38.9975,3.32236,0.01076
02/07/2026 20:00:00,0,39.39534,4.6126,0
02/07/2026 20:30:00,0,40.49742,4.16102,0
02/07/2026 21:00:00,0,40.5458,4.11264,0
02/07/2026 21:30:00,0,39.50286,3.93524,0
02/07/2026 22:00:00,0,40.5888,3.67718,0
02/07/2026 22:30:00,0,39.43834,5.18246,0
02/07/2026 23:00:00,0,40.277,5.61254,0
02/07/2026 23:30:00,0,40.13722,5.1287,0
02/08/2026 00:00:00,0,39.84692,5.02118,0
02/08/2026 00:30:00,0,40.40602,4.80614,0
02/08/2026 01:00:00,0,39.2448,5.58028,0
02/08/2026 01:30:00,0,39.56736,5.34374,0
02/08/2026 02:00:00,0,40.24474,5.20396,0
02/08/2026 02:30:00,0,39.48672,4.95668,0
02/08/2026 03:00:00,0,39.94368,4.60186,0
02/08/2026 03:30:00,0,40.5673,4.075,0
02/08/2026 04:00:00,0,40.69632,3.99974,0
02/08/2026 04:30:00,0,39.83616,3.56966,0
02/08/2026 05:00:00,0,40.86836,3.2471,0
02/08/2026 05:30:00,0,40.4114,2.86004,0.01076
02/08/2026 06:00:00,0,41.23392,2.9998,0
02/08/2026 06:30:00,0,40.89524,2.60736,0
02/08/2026 07:00:00,0,39.72864,3.2471,0
02/08/2026 07:30:00,0,39.4491,5.24698,0
02/08/2026 08:00:00,0,36.48692,6.73076,0
02/08/2026 08:30:00,0,38.42766,5.48352,0
02/08/2026 09:00:00,0,36.92238,6.23616,0
02/08/2026 09:30:00,0,38.22874,6.53722,0
02/08/2026 10:00:00,0,37.16968,6.52646,0
02/08/2026 10:30:00,0,38.3524,4.3223,0
02/08/2026 11:00:00,0,38.42766,4.49434,0
02/08/2026 11:30:00,0,38.79322,4.53734,0
02/08/2026 12:00:00,0,39.92756,4.032,0
02/08/2026 12:30:00,0,38.86848,3.81696,0
02/08/2026 13:00:00,0,39.08352,3.84922,0
02/08/2026 13:30:00,0,40.42752,4.3008,0
02/08/2026 14:00:00,0,40.97588,2.1934,0.01076
02/08/2026 14:30:00,0,39.30932,2.645,0
02/08/2026 15:00:00,0,40.05658,2.50522,0
02/08/2026 15:30:00,0,39.63188,2.90304,0
02/08/2026 16:00:00,0,39.2448,2.9568,0
02/08/2026 16:30:00,0,39.77166,3.25786,0
02/08/2026 17:00:00,0,39.75014,3.27936,0.01076
02/08/2026 17:30:00,0,40.0082,3.09658,0
02/08/2026 18:00:00,0,39.40608,2.86004,0
02/08/2026 18:30:00,0,39.61038,3.09658,0
02/08/2026 19:00:00,0,39.48134,3.17184,0
02/08/2026 19:30:00,0,38.53518,4.47284,0
02/08/2026 20:00:00,0,40.2555,4.23092,0
02/08/2026 20:30:00,0,40.5673,3.2686,0
02/08/2026 21:00:00,0,40.49204,3.8062,0
02/08/2026 21:30:00,0,40.88986,3.2471,0
02/08/2026 22:00:00,0,39.72864,3.31162,0
02/08/2026 22:30:00,0,40.49204,2.92454,0
02/08/2026 23:00:00,0,40.0297,3.08582,0.01076
02/08/2026 23:30:00,0,40.98662,2.23642,0
02/09/2026 00:00:00,0,40.88986,2.04288,0
02/09/2026 00:30:00,0,41.11566,1.93536,0
02/09/2026 01:00:00,0,39.90068,2.9998,0
02/09/2026 01:30:00,0,40.96512,4.3008,0
02/09/2026 02:00:00,0,39.85766,3.96748,0
02/09/2026 02:30:00,0,40.2555,3.65568,0.01076
02/09/2026 03:00:00,0,40.36838,3.92448,0
02/09/2026 03:30:00,0,40.13722,3.73094,0
02/09/2026 04:00:00,0,40.80922,3.31162,0
02/09/2026 04:30:00,0,40.55654,3.34388,0
02/09/2026 05:00:00,0,40.57806,2.78476,0
02/09/2026 05:30:00,0,40.97588,2.731,0
02/09/2026 06:00:00,0,40.57806,3.21484,0
02/09/2026 06:30:00,0,45.08314,0.47308,0.43008
02/09/2026 07:00:00,0,47.99694,0.74188,0.12902
02/09/2026 07:30:00,0,55.83514,2.31168,0.01076
02/09/2026 08:00:00,0,99.28398,0.56448,15.51514
02/09/2026 08:30:00,0,211.879,0,77.99502
02/09/2026 09:00:00,0,232.6734,0,77.02734
02/09/2026 09:30:00,0,236.544,0,73.64046
02/09/2026 10:00:00,0,246.8874,0,76.64026
02/09/2026 10:30:00,0,244.7694,0,76.15642
02/09/2026 11:00:00,0,247.8336,0,77.05422
02/09/2026 11:30:00,0,253.2312,0,74.90918
02/09/2026 12:00:00,0,258.2094,0,77.60794
02/09/2026 12:30:00,0,254.7686,0,77.9305
02/09/2026 13:00:00,0,249.6938,0,77.24238
02/09/2026 13:30:00,0,243.0382,0,77.75848
02/09/2026 14:00:00,0,241.6298,0,77.30152
02/09/2026 14:30:00,0,257.661,0,97.95072
02/09/2026 15:00:00,0,252.6182,0,99.37
02/09/2026 15:30:00,0,247.7692,0,103.62778
02/09/2026 16:00:00,0,248.5218,0,105.3051
02/09/2026 16:30:00,0,243.1888,0,79.14548
02/09/2026 17:00:00,0,248.9518,0,90.04802
02/09/2026 17:30:00,0,242.6188,0,81.0916
02/09/2026 18:00:00,0,197.40674,0,65.60872
02/09/2026 18:30:00,0,184.042,0,63.63034
02/09/2026 19:00:00,0,147.49596,0,47.21204
02/09/2026 19:30:00,0,107.07918,0,25.93382
02/09/2026 20:00:00,0,72.84482,0.5806,0.23654
02/09/2026 20:30:00,0,64.89908,0.81716,0.11828
02/09/2026 21:00:00,0,65.31842,0.59136,0.19354
02/09/2026 21:30:00,0,63.63034,1.10746,0.2688
02/09/2026 22:00:00,0,51.13652,3.92448,0
02/09/2026 22:30:00,0,47.29806,3.7202,0.01076
02/09/2026 23:00:00,0,45.85728,4.36532,0
02/09/2026 23:30:00,0,47.02926,4.21478,0
02/10/2026 00:00:00,0,46.5024,4.3008,0
02/10/2026 00:30:00,0,45.97556,4.20404,0
02/10/2026 01:00:00,0,47.07226,3.7417,0
02/10/2026 01:30:00,0,45.4487,4.0535,0
02/10/2026 02:00:00,0,47.35182,3.50516,0
02/10/2026 02:30:00,0,45.0939,5.9566,0
02/10/2026 03:00:00,0,46.31962,5.50502,0
02/10/2026 03:30:00,0,45.93254,5.20396,0
02/10/2026 04:00:00,0,45.71752,4.77926,0
02/10/2026 04:30:00,0,46.30886,4.46208,0
02/10/2026 05:00:00,0,46.67444,4.3223,0
02/10/2026 05:30:00,0,47.29806,4.0105,0
02/10/2026 06:00:00,0,46.27662,4.69862,0
02/10/2026 06:30:00,0,46.20136,4.96742,0
02/10/2026 07:00:00,0,49.53446,5.3545,0
02/10/2026 07:30:00,0,58.5339,4.84916,0
02/10/2026 08:00:00,0,111.59502,0.4946,16.1065
02/10/2026 08:30:00,0,205.632,0,68.458
02/10/2026 09:00:00,0,215.739,0,65.54958
02/10/2026 09:30:00,0,226.6092,0,67.4258
02/10/2026 10:00:00,0,238.5762,0,75.43604
02/10/2026 10:30:00,0,240.2964,0,67.61934
02/10/2026 11:00:00,0,259.0588,0,94.06926
02/10/2026 11:30:00,0,262.4672,0,95.8971
02/10/2026 12:00:00,0,251.4248,0,73.0921
02/10/2026 12:30:00,0,250.8226,0,95.61756
02/10/2026 13:00:00,0,250.1238,0,97.44538
02/10/2026 13:30:00,0,243.8876,0,98.5851
02/10/2026 14:00:00,0,243.5866,0,95.88634
02/10/2026 14:30:00,0,252.6398,0,104.96104
02/10/2026 15:00:00,0,246.3284,0,87.12884
02/10/2026 15:30:00,0,244.1994,0,78.25306
02/10/2026 16:00:00,0,246.0596,0,78.72616
02/10/2026 16:30:00,0,245.5326,0,77.98426
02/10/2026 17:00:00,0,248.4142,0,77.00582
02/10/2026 17:30:00,0,240.8878,0,76.23168
02/10/2026 18:00:00,0,208.8254,0,71.89864
02/10/2026 18:30:00,0,197.482,0,65.54958
02/10/2026 19:00:00,0,181.1282,0,61.8025
02/10/2026 19:30:00,0,127.55098,0,29.46048
02/10/2026 20:00:00,0,86.06978,0,2.1289
02/10/2026 20:30:00,0,73.5867,0.5376,0.5161
02/10/2026 21:00:00,0,59.18976,0.75264,0.16128
02/10/2026 21:30:00,0,56.58778,0.4946,0.2258
02/10/2026 22:00:00,0,52.373,0.8279,0.12902
02/10/2026 22:30:00,0,50.71718,0.63436,0.19354
02/10/2026 23:00:00,0,47.64212,0.32256,0.2903
02/10/2026 23:30:00,0,43.87892,3.17184,0.01076
02/11/2026 00:00:00,0,46.15834,2.58048,0
02/11/2026 00:30:00,0,43.7929,3.02132,0
02/11/2026 01:00:00,0,46.34112,2.3977,0
02/11/2026 01:30:00,0,45.57774,2.89228,0
02/11/2026 02:00:00,0,47.13678,2.45146,0
02/11/2026 02:30:00,0,46.07232,2.42996,0.01076
02/11/2026 03:00:00,0,46.28736,2.67724,0
02/11/2026 03:30:00,0,46.1906,4.13952,0
02/11/2026 04:00:00,0,45.48096,3.59116,0
02/11/2026 04:30:00,0,46.91098,3.2041,0
02/11/2026 05:00:00,0,46.37338,3.10732,0
02/11/2026 05:30:00,0,47.60986,2.78476,0
02/11/2026 06:00:00,0,45.70676,3.46214,0
02/11/2026 06:30:00,0,45.4272,3.91372,0
02/11/2026 07:00:00,0,53.21166,3.56966,0
02/11/2026 07:30:00,0,57.39418,3.65568,0.01076
02/11/2026 08:00:00,0,107.86408,0.20428,12.87014
02/11/2026 08:30:00,0,207.761,0,71.49006
02/11/2026 09:00:00,0,218.6312,0,84.85478
02/11/2026 09:30:00,0,234.114,0,96.83252
02/11/2026 10:00:00,0,238.9848,0,94.47782
02/11/2026 10:30:00,0,240.1566,0,92.12314
02/11/2026 11:00:00,0,249.1238,0,90.72538
02/11/2026 11:30:00,0,263.9724,0,102.38056
02/11/2026 12:00:00,0,261.5102,0,81.941
02/11/2026 12:30:00,0,263.0262,0,76.45748
02/11/2026 13:00:00,0,273.574,0,77.62944
02/11/2026 13:30:00,0,260.8758,0,77.40366
02/11/2026 14:00:00,0,252.801,0,73.52218
02/11/2026 14:30:00,0,253.7258,0,75.38228
02/11/2026 15:00:00,0,258.7038,0,77.3284
02/11/2026 15:30:00,0,254.36,0,71.29652
02/11/2026 16:00:00,0,252.8118,0,71.79112
02/11/2026 16:30:00,0,262.5208,0,73.00608
02/11/2026 17:00:00,0,265.3808,0,75.07584
02/11/2026 17:30:00,0,267.5636,0,80.0594
02/11/2026 18:00:00,0,241.2642,0,65.30766
02/11/2026 18:30:00,0,230.3508,0,64.72704
02/11/2026 19:00:00,0,209.5996,0,64.57652
02/11/2026 19:30:00,0,134.54516,0,27.6864
02/11/2026 20:00:00,0,100.26242,0,2.09664
02/11/2026 20:30:00,0,83.09146,2.63424,0.043
02/11/2026 21:00:00,0,63.07124,2.01062,0.01076
02/11/2026 21:30:00,0,45.6745,1.84934,0.01076
02/11/2026 22:00:00,0,43.53486,2.3278,0.01076
02/11/2026 22:30:00,0,42.74996,3.77396,0
02/11/2026 23:00:00,0,41.3307,4.5911,0
02/11/2026 23:30:00,0,42.79296,3.77396,0.01076
02/12/2026 00:00:00,0,43.7714,3.70944,0
02/12/2026 00:30:00,0,43.51872,5.90284,0
02/12/2026 01:00:00,0,43.51336,5.30074,0
02/12/2026 01:30:00,0,44.64232,5.09644,0
02/12/2026 02:00:00,0,44.85734,4.50508,0
02/12/2026 02:30:00,0,44.48102,4.44058,0
02/12/2026 03:00:00,0,44.94336,3.92448,0
02/12/2026 03:30:00,0,44.07246,3.65568,0
02/12/2026 04:00:00,0,44.94336,3.7417,0
02/12/2026 04:30:00,0,45.07238,3.69868,0
02/12/2026 05:00:00,0,44.68532,3.54816,0
02/12/2026 05:30:00,0,44.8681,3.48364,0
02/12/2026 06:00:00,0,44.65306,3.70944,0
02/12/2026 06:30:00,0,44.39502,4.53734,0
02/12/2026 07:00:00,0,51.46982,4.50508,0
02/12/2026 07:30:00,0,67.9419,4.17178,0
02/12/2026 08:00:00,0,110.93914,0.43008,13.56902
02/12/2026 08:30:00,0,212.9434,0,71.04922
02/12/2026 09:00:00,0,222.7278,0,72.7803
02/12/2026 09:30:00,0,232.0712,0,74.15118
02/12/2026 10:00:00,0,227.7382,0,70.2482
02/12/2026 10:30:00,0,238.1676,0,71.4578
02/12/2026 11:00:00,0,251.7904,0,76.5865
02/12/2026 11:30:00,0,264.7196,0,94.29506
02/12/2026 12:00:00,0,264.1874,0,101.64942
02/12/2026 12:30:00,0,259.9942,0,83.22048
02/12/2026 13:00:00,0,256.747,0,76.54888
02/12/2026 13:30:00,0,236.2,0,74.61352
02/12/2026 14:00:00,0,232.2862,0,72.74804
02/12/2026 14:30:00,0,239.7482,0,72.79106
02/12/2026 15:00:00,0,247.6186,0,78.77454
02/12/2026 15:30:00,0,247.7154,0,79.16698
02/12/2026 16:00:00,0,250.9732,0,76.83918
02/12/2026 16:30:00,0,258.9082,0,72.9792
02/12/2026 17:00:00,0,254.0698,0,76.47898
02/12/2026 17:30:00,0,252.3172,0,77.0811
02/12/2026 18:00:00,0,232.7808,0,67.32904
02/12/2026 18:30:00,0,225.663,0,68.10318
02/12/2026 19:00:00,0,215.8786,0,67.50106
02/12/2026 19:30:00,0,191.83722,0,54.0073
02/12/2026 20:00:00,0,99.7248,0.01076,1.68806
02/12/2026 20:30:00,0,73.68346,3.75244,0.03226
02/12/2026 21:00:00,0,71.50618,3.31162,0
02/12/2026 21:30:00,0,64.95284,2.48372,0
02/12/2026 22:00:00,0,55.40506,2.22028,0.0215
02/12/2026 22:30:00,0,41.47048,4.48358,0
02/12/2026 23:00:00,0,40.51354,4.58036,0
02/12/2026 23:30:00,0,39.00826,4.70938,0
02/13/2026 00:00:00,0,42.11558,3.7847,0
02/13/2026 00:30:00,0,41.621,4.37606,0
02/13/2026 01:00:00,0,40.76084,5.83834,0
02/13/2026 01:30:00,0,42.29838,5.1287,0
02/13/2026 02:00:00,0,42.6962,5.30074,0
02/13/2026 02:30:00,0,41.42746,5.67706,0
02/13/2026 03:00:00,0,42.08334,5.49428,0
02/13/2026 03:30:00,0,42.59406,4.97818,0
02/13/2026 04:00:00,0,41.47048,4.98892,0
02/13/2026 04:30:00,0,42.99726,4.32768,0
02/13/2026 05:00:00,0,42.16934,4.33844,0
02/13/2026 05:30:00,0,42.57254,4.23092,0
02/13/2026 06:00:00,0,43.24454,4.36532,0
02/13/2026 06:30:00,0,41.31456,5.28998,0
02/13/2026 07:00:00,0,47.95392,4.8599,0
02/13/2026 07:30:00,0,60.13594,4.21478,0
02/13/2026 08:00:00,0,103.26222,0.72038,9.44026
02/13/2026 08:30:00,0,205.632,0,69.95252
02/13/2026 09:00:00,0,219.6312,0,69.76974
02/13/2026 09:30:00,0,223.4804,0,68.89882
02/13/2026 10:00:00,0,228.4908,0,68.17844
02/13/2026 10:30:00,0,238.1138,0,69.11924
02/13/2026 11:00:00,0,232.3292,0,67.90964
02/13/2026 11:30:00,0,236.3182,0,73.5437
02/13/2026 12:00:00,0,237.8988,0,75.65108
02/13/2026 12:30:00,0,237.974,0,78.70466
02/13/2026 13:00:00,0,190.7835,0,56.58778
02/13/2026 13:30:00,0,171.81698,0,49.4592
02/13/2026 14:00:00,0,167.8925,0,48.08296
02/13/2026 14:30:00,0,172.0804,0,51.12576
02/13/2026 15:00:00,0,240.361,0,80.5755
02/13/2026 15:30:00,0,255.0912,0,81.02708
02/13/2026 16:00:00,0,251.5216,0,82.27432
02/13/2026 16:30:00,0,252.199,0,77.99502
02/13/2026 17:00:00,0,245.2316,0,78.22618
02/13/2026 17:30:00,0,188.67612,0,43.51872
02/13/2026 18:00:00,0,111.29396,0.45158,2.1289
02/13/2026 18:30:00,0,87.08046,0.63436,0.2258
02/13/2026 19:00:00,0,77.28538,1.66656,0.043
02/13/2026 19:30:00,0,65.37216,2.63424,0
02/13/2026 20:00:00,0,63.49058,2.63424,0
02/13/2026 20:30:00,0,52.78158,3.7847,0.01076
02/13/2026 21:00:00,0,54.55566,2.3977,0
02/13/2026 21:30:00,0,50.11508,1.3655,0.0215
02/13/2026 22:00:00,0,43.0779,0.81716,0.15052
02/13/2026 22:30:00,0,41.33606,2.98906,0.01076
02/13/2026 23:00:00,0,42.12634,3.29012,0
02/13/2026 23:30:00,0,41.35758,3.32236,0
02/14/2026 00:00:00,0,43.11552,2.60736,0.01076
02/14/2026 00:30:00,0,44.00256,1.66656,0
02/14/2026 01:00:00,0,42.7177,2.03212,0.01076
02/14/2026 01:30:00,0,44.21222,1.58054,0.01076
02/14/2026 02:00:00,0,43.80366,1.82784,0
02/14/2026 02:30:00,0,42.19622,3.11808,0
02/14/2026 03:00:00,0,42.63706,4.032,0.01076
02/14/2026 03:30:00,0,43.30906,3.5159,0
02/14/2026 04:00:00,0,42.13172,3.70944,0
02/14/2026 04:30:00,0,43.05102,3.60192,0
02/14/2026 05:00:00,0,43.36282,3.4944,0
02/14/2026 05:30:00,0,43.01338,3.37612,0
02/14/2026 06:00:00,0,43.11552,3.29012,0
02/14/2026 06:30:00,0,43.33056,3.37612,0
02/14/2026 07:00:00,0,42.25536,3.50516,0
02/14/2026 07:30:00,0,42.07258,3.5159,0
02/14/2026 08:00:00,0,42.58868,3.85996,0
02/14/2026 08:30:00,0,42.13172,4.49434,0
02/14/2026 09:00:00,0,42.05108,3.37612,0
02/14/2026 09:30:00,0,42.93274,3.13958,0.01076
02/14/2026 10:00:00,0,44.09396,3.46214,0
02/14/2026 10:30:00,0,41.95432,3.33312,0
02/14/2026 11:00:00,0,42.87898,2.18266,0
02/14/2026 11:30:00,0,41.85754,2.1504,0
02/14/2026 12:00:00,0,43.22304,1.6128,0.0215
02/14/2026 12:30:00,0,42.27688,1.29024,0.043
02/14/2026 13:00:00,0,43.008,1.16122,0.043
02/14/2026 13:30:00,0,43.68538,0.97844,0.09676
02/14/2026 14:00:00,0,43.72838,0.97844,0.07526
02/14/2026 14:30:00,0,43.86816,1.60204,0.0215
02/14/2026 15:00:00,0,43.03488,2.36544,0
02/14/2026 15:30:00,0,42.45966,2.26868,0
02/14/2026 16:00:00,0,41.09416,2.92454,0
02/14/2026 16:30:00,0,42.00806,3.10732,0
02/14/2026 17:00:00,0,41.72852,2.78476,0.01076
02/14/2026 17:30:00,0,42.43816,1.78484,0.0215
02/14/2026 18:00:00,0,42.93274,1.20422,0.043
02/14/2026 18:30:00,0,43.05638,1.18272,0.03226
02/14/2026 19:00:00,0,41.69088,1.344,0.043
02/14/2026 19:30:00,0,42.79296,0.91392,0.11828
02/14/2026 20:00:00,0,42.68006,1.41926,0.03226
02/14/2026 20:30:00,0,43.64238,1.301,0.03226
02/14/2026 21:00:00,0,43.09402,1.10746,0.08602
02/14/2026 21:30:00,0,43.2338,0.8064,0.13978
02/14/2026 22:00:00,0,43.18004,1.58054,0.13978
02/14/2026 22:30:00,0,42.7607,3.15034,0
02/14/2026 23:00:00,0,42.06182,3.4514,0
02/14/2026 23:30:00,0,41.96506,3.13958,0
02/15/2026 00:00:00,0,42.43816,2.98906,0
02/15/2026 00:30:00,0,41.8199,2.74176,0
02/15/2026 01:00:00,0,41.09416,5.27924,0
02/15/2026 01:30:00,0,40.98662,5.42976,0
02/15/2026 02:00:00,0,41.3952,5.31148,0
02/15/2026 02:30:00,0,40.91136,4.95668,0
02/15/2026 03:00:00,0,41.3952,4.63412,0
02/15/2026 03:30:00,0,41.6425,4.13952,0
02/15/2026 04:00:00,0,41.33606,3.59116,0
02/15/2026 04:30:00,0,41.81454,3.2471,0.01076
02/15/2026 05:00:00,0,41.6425,3.21484,0
02/15/2026 05:30:00,0,42.54566,2.63424,0
02/15/2026 06:00:00,0,41.54574,3.59116,0
02/15/2026 06:30:00,0,41.20168,3.66644,0
02/15/2026 07:00:00,0,40.4329,3.63418,0
02/15/2026 07:30:00,0,40.49204,3.73094,0
02/15/2026 08:00:00,0,40.65332,3.42988,0
02/15/2026 08:30:00,0,40.0297,3.5159,0
02/15/2026 09:00:00,0,41.5995,3.31162,0
02/15/2026 09:30:00,0,40.91674,4.0105,0
02/15/2026 10:00:00,0,41.7769,4.13952,0
02/15/2026 10:30:00,0,40.70708,5.01044,0
02/15/2026 11:00:00,0,41.48122,5.20396,0
02/15/2026 11:30:00,0,41.98656,5.17172,0
02/15/2026 12:00:00,0,40.91674,4.9943,0
02/15/2026 12:30:00,0,40.95438,4.76314,0
02/15/2026 13:00:00,0,42.07258,4.032,0.01076
02/15/2026 13:30:00,0,42.61556,4.04276,0
02/15/2026 14:00:00,0,41.6855,4.42982,0
02/15/2026 14:30:00,0,41.96506,4.84916,0
02/15/2026 15:00:00,0,41.98656,4.84916,0
02/15/2026 15:30:00,0,41.98656,4.91366,0
02/15/2026 16:00:00,0,41.94356,4.8384,0
02/15/2026 16:30:00,0,42.53492,2.92454,0
02/15/2026 17:00:00,0,41.27156,3.52666,0
02/15/2026 17:30:00,0,41.31456,3.38688,0
02/15/2026 18:00:00,0,41.49198,3.30086,0
02/15/2026 18:30:00,0,41.7984,2.76326,0
02/15/2026 19:00:00,0,41.51348,2.60198,0
02/15/2026 19:30:00,0,40.21248,3.27936,0.01076
02/15/2026 20:00:00,0,41.9328,3.5159,0
02/15/2026 20:30:00,0,41.63174,3.44064,0
02/15/2026 21:00:00,0,42.05108,3.10732,0
02/15/2026 21:30:00,0,41.3952,2.79552,0
02/15/2026 22:00:00,0,42.4274,2.1289,0
02/15/2026 22:30:00,0,42.17472,1.74182,0.01076
02/15/2026 23:00:00,0,41.13716,2.21492,0
02/15/2026 23:30:00,0,42.14784,1.50528,0.03226
02/16/2026 00:00:00,0,41.25006,1.97836,0
02/16/2026 00:30:00,0,42.33064,1.52678,0.043
02/16/2026 01:00:00,0,40.67482,4.32768,0
02/16/2026 01:30:00,0,42.15322,3.2686,0
02/16/2026 02:00:00,0,41.0619,3.2041,0.01076
02/16/2026 02:30:00,0,41.67476,2.731,0
02/16/2026 03:00:00,0,41.47048,3.01056,0
02/16/2026 03:30:00,0,41.49198,2.90304,0
02/16/2026 04:00:00,0,41.75002,2.32244,0
02/16/2026 04:30:00,0,41.35758,2.06438,0.01076
02/16/2026 05:00:00,0,42.21236,2.76326,0
02/16/2026 05:30:00,0,41.0834,4.93516,0
02/16/2026 06:00:00,0,40.66408,4.94592,0
02/16/2026 06:30:00,0,41.09416,4.7954,0
02/16/2026 07:00:00,0,40.80384,5.40826,0
02/16/2026 07:30:00,0,39.59424,4.8814,0
02/16/2026 08:00:00,0,45.76052,1.94612,0.08602
02/16/2026 08:30:00,0,46.37338,2.88154,0.01076
02/16/2026 09:00:00,0,51.15802,4.06426,0
02/16/2026 09:30:00,0,51.55584,2.13964,0.01076
02/16/2026 10:00:00,0,54.98574,1.6558,0.043
02/16/2026 10:30:00,0,55.54484,1.70956,0.03226
02/16/2026 11:00:00,0,55.27604,2.45146,0
02/16/2026 11:30:00,0,56.448,1.89236,0.0215
02/16/2026 12:00:00,0,56.6523,1.47302,0.03226
02/16/2026 12:30:00,0,57.05012,0.90316,0.10752
02/16/2026 13:00:00,0,49.55598,0.81716,0.15052
02/16/2026 13:30:00,0,48.341,0.95692,0.07526
02/16/2026 14:00:00,0,48.98612,0.72038,0.13978
02/16/2026 14:30:00,0,48.77108,0.99994,0.10752
02/16/2026 15:00:00,0,47.2443,1.8601,0
02/16/2026 15:30:00,0,49.84628,1.02144,0.08602
02/16/2026 16:00:00,0,50.12584,0.75264,0.12902
02/16/2026 16:30:00,0,49.4592,1.49452,0.0215
02/16/2026 17:00:00,0,49.26568,1.49452,0.0215
02/16/2026 17:30:00,0,49.73876,0.35482,0.46234
02/16/2026 18:00:00,0,44.8251,0.65588,0.21504
02/16/2026 18:30:00,0,41.87904,3.36538,0
02/16/2026 19:00:00,0,41.95432,3.4944,0.01076
02/16/2026 19:30:00,0,41.8683,3.10732,0
02/16/2026 20:00:00,0,41.81454,3.63418,0
02/16/2026 20:30:00,0,42.63706,3.36538,0
02/16/2026 21:00:00,0,40.93286,3.4729,0
02/16/2026 21:30:00,0,41.72852,3.15034,0
02/16/2026 22:00:00,0,41.54574,3.42988,0
02/16/2026 22:30:00,0,41.54574,4.67174,0
02/16/2026 23:00:00,0,40.80922,4.94592,0
02/16/2026 23:30:00,0,41.50272,4.75238,0
02/17/2026 00:00:00,0,41.9113,4.41908,0
02/17/2026 00:30:00,0,41.35758,4.33844,0
02/17/2026 01:00:00,0,41.24468,4.16102,0
02/17/2026 01:30:00,0,41.7339,3.85996,0
02/17/2026 02:00:00,0,41.33606,3.41914,0
02/17/2026 02:30:00,0,41.47048,3.02132,0.01076
02/17/2026 03:00:00,0,41.8199,2.38156,0
02/17/2026 03:30:00,0,41.31456,2.3278,0
02/17/2026 04:00:00,0,42.4274,2.3762,0.01076
02/17/2026 04:30:00,0,40.65332,4.5696,0
02/17/2026 05:00:00,0,41.3952,4.31156,0
02/17/2026 05:30:00,0,41.9113,4.13952,0
02/17/2026 06:00:00,0,41.24468,4.37606,0
02/17/2026 06:30:00,0,41.43822,4.032,0
02/17/2026 07:00:00,0,40.82534,4.10726,0
02/17/2026 07:30:00,0,40.13722,4.44596,0
02/17/2026 08:00:00,0,40.5673,3.93524,0
02/17/2026 08:30:00,0,40.20174,3.99974,0
02/17/2026 09:00:00,0,41.0834,3.91372,0
02/17/2026 09:30:00,0,41.20168,4.075,0
02/17/2026 10:00:00,0,39.92218,4.68788,0
02/17/2026 10:30:00,0,39.59424,5.01044,0
02/17/2026 11:00:00,0,41.02964,4.3008,0
02/17/2026 11:30:00,0,40.64256,4.50508,0
02/17/2026 12:00:00,0,39.38458,4.91366,0
02/17/2026 12:30:00,0,40.69632,4.42982,0
02/17/2026 13:00:00,0,41.05114,4.16102,0
02/17/2026 13:30:00,0,40.5243,4.2578,0
02/17/2026 14:00:00,0,40.77158,3.91372,0
02/17/2026 14:30:00,0,40.5243,3.83846,0
02/17/2026 15:00:00,0,41.21242,3.7632,0
02/17/2026 15:30:00,0,40.36302,4.08576,0
02/17/2026 16:00:00,0,39.97056,4.94592,0
02/17/2026 16:30:00,0,40.77158,4.6126,0
02/17/2026 17:00:00,0,40.19098,4.8814,0
02/17/2026 17:30:00,0,40.88986,4.5266,0
02/17/2026 18:00:00,0,40.85224,4.96742,0
02/17/2026 18:30:00,0,41.15866,5.07494,0
02/17/2026 19:00:00,0,39.40608,5.6448,0
02/17/2026 19:30:00,0,40.05658,5.85984,0
02/17/2026 20:00:00,0,40.75008,4.94592,0
02/17/2026 20:30:00,0,40.5888,3.989,0
02/17/2026 21:00:00,0,40.85224,3.75244,0.01076
02/17/2026 21:30:00,0,41.69088,3.40838,0
02/17/2026 22:00:00,0,41.47048,3.34388,0
02/17/2026 22:30:00,0,42.54566,2.3977,0
02/17/2026 23:00:00,0,41.42746,2.7095,0
02/17/2026 23:30:00,0,42.16934,2.31168,0.01076
02/18/2026 00:00:00,0,42.37364,1.8601,0
02/18/2026 00:30:00,0,41.13716,1.94612,0.01076
02/18/2026 01:00:00,0,41.53498,4.15028,0
02/18/2026 01:30:00,0,40.91674,4.49434,0
02/18/2026 02:00:00,0,41.0619,4.32768,0
02/18/2026 02:30:00,0,40.85224,4.37606,0
02/18/2026 03:00:00,0,40.99738,3.89222,0
02/18/2026 03:30:00,0,41.6425,3.58042,0
02/18/2026 04:00:00,0,40.84686,4.0105,0
02/18/2026 04:30:00,0,40.5243,4.75238,0
02/18/2026 05:00:00,0,41.16942,4.76314,0
02/18/2026 05:30:00,0,40.32,5.17172,0
02/18/2026 06:00:00,0,41.3522,5.19322,0
02/18/2026 06:30:00,0,41.49198,4.72012,0
02/18/2026 07:00:00,0,39.64264,5.31148,0
02/18/2026 07:30:00,0,39.10504,5.63404,0
02/18/2026 08:00:00,0,39.58886,5.6233,0
02/18/2026 08:30:00,0,38.84698,6.1824,0
02/18/2026 09:00:00,0,39.97056,6.11788,0
02/18/2026 09:30:00,0,40.277,4.60186,0
02/18/2026 10:00:00,0,40.15872,4.3008,0
02/18/2026 10:30:00,0,41.79302,1.91386,0.03226
02/18/2026 11:00:00,0,40.78234,1.95686,0
02/18/2026 11:30:00,0,42.25536,1.43002,0.03226
02/18/2026 12:00:00,0,41.1479,1.43002,0.03226
02/18/2026 12:30:00,0,42.30912,1.17196,0.06452
02/18/2026 13:00:00,0,41.21242,1.6558,0.01076
02/18/2026 13:30:00,0,41.99732,1.74182,0.01076
02/18/2026 14:00:00,0,41.71238,2.13964,0
02/18/2026 14:30:00,0,41.54574,2.25792,0
02/18/2026 15:00:00,0,41.77152,2.29018,0.01076
02/18/2026 15:30:00,0,43.24454,1.94612,0
02/18/2026 16:00:00,0,45.56698,0.66124,0.16128
02/18/2026 16:30:00,0,45.08314,0.83866,0.12902
02/18/2026 17:00:00,0,43.47572,1.41926,0.10752
02/18/2026 17:30:00,0,41.54574,2.34394,0
02/18/2026 18:00:00,0,42.37364,2.3762,0.01076
02/18/2026 18:30:00,0,41.53498,2.35468,0
02/18/2026 19:00:00,0,40.85224,2.62348,0.01076
02/18/2026 19:30:00,0,41.56724,2.92454,0
02/18/2026 20:00:00,0,42.82522,3.05356,0
02/18/2026 20:30:00,0,41.7984,2.81702,0
02/18/2026 21:00:00,0,41.45972,2.60198,0
02/18/2026 21:30:00,0,41.1479,2.5536,0.01076
02/18/2026 22:00:00,0,41.52422,2.3278,0
02/18/2026 22:30:00,0,42.09408,1.94612,0
02/18/2026 23:00:00,0,42.09408,1.8386,0.01076
02/18/2026 23:30:00,0,41.13716,1.91386,0
02/19/2026 00:00:00,0,42.19086,1.44076,0.03226
02/19/2026 00:30:00,0,40.2555,4.64486,0
02/19/2026 01:00:00,0,41.42746,4.29004,0
02/19/2026 01:30:00,0,40.21786,5.4889,0
02/19/2026 02:00:00,0,41.21242,4.91366,0
02/19/2026 02:30:00,0,40.69632,4.67174,0
02/19/2026 03:00:00,0,41.30918,4.46208,0
02/19/2026 03:30:00,0,40.42752,4.49434,0
02/19/2026 04:00:00,0,41.5995,3.92448,0
02/19/2026 04:30:00,0,40.49204,4.0535,0
02/19/2026 05:00:00,0,41.8683,3.66644,0
02/19/2026 05:30:00,0,40.96512,3.92448,0
02/19/2026 06:00:00,0,41.51348,4.06426,0
02/19/2026 06:30:00,0,40.26624,4.46208,0
02/19/2026 07:00:00,0,51.17952,5.0857,0
02/19/2026 07:30:00,0,72.54376,1.1881,2.02138
02/19/2026 08:00:00,0,99.82158,0,9.9241
02/19/2026 08:30:00,0,192.3318,0,64.83458
02/19/2026 09:00:00,0,211.5348,0,71.146
02/19/2026 09:30:00,0,210.4382,0,67.03872
02/19/2026 10:00:00,0,210.965,0,67.1785
02/19/2026 10:30:00,0,222.5342,0,68.2322
02/19/2026 11:00:00,0,218.4376,0,71.35028
02/19/2026 11:30:00,0,215.126,0,68.87732
02/19/2026 12:00:00,0,220.9322,0,70.58688
02/19/2026 12:30:00,0,224.2438,0,79.68308
02/19/2026 13:00:00,0,222.846,0,81.33352
02/19/2026 13:30:00,0,223.405,0,86.01602
02/19/2026 14:00:00,0,229.3616,0,83.3065
02/19/2026 14:30:00,0,232.7378,0,81.79584
02/19/2026 15:00:00,0,232.7056,0,81.9195
02/19/2026 15:30:00,0,231.0712,0,81.17762
02/19/2026 16:00:00,0,220.0934,0,80.2852
02/19/2026 16:30:00,0,211.1262,0,79.5003
02/19/2026 17:00:00,0,136.97512,0,20.7191
02/19/2026 17:30:00,0,78.53262,1.73108,0.3118
02/19/2026 18:00:00,0,70.87718,1.77408,0.03226
02/19/2026 18:30:00,0,61.5767,2.54822,0.0215
02/19/2026 19:00:00,0,47.3088,4.7954,0
02/19/2026 19:30:00,0,47.91092,4.8384,0
02/19/2026 20:00:00,0,47.5131,4.9943,0
02/19/2026 20:30:00,0,47.37332,5.1502,0
02/19/2026 21:00:00,0,47.38406,5.18246,0
02/19/2026 21:30:00,0,47.34106,5.13946,0
02/19/2026 22:00:00,0,47.90016,5.09644,0
02/19/2026 22:30:00,0,47.62062,4.62336,0
02/19/2026 23:00:00,0,47.96468,4.51584,0
02/19/2026 23:30:00,0,48.51304,4.21478,0
02/20/2026 00:00:00,0,47.66362,4.15028,0
02/20/2026 00:30:00,0,47.96468,5.2201,0
02/20/2026 01:00:00,0,47.83566,6.30068,0
02/20/2026 01:30:00,0,47.58836,6.26842,0
02/20/2026 02:00:00,0,47.31956,6.28992,0
02/20/2026 02:30:00,0,47.8249,6.12864,0
02/20/2026 03:00:00,0,47.52384,6.04262,0
02/20/2026 03:30:00,0,46.80346,6.26842,0
02/20/2026 04:00:00,0,48.27648,5.48352,0
02/20/2026 04:30:00,0,47.08302,5.74156,0
02/20/2026 05:00:00,0,48.0507,5.28998,0
02/20/2026 05:30:00,0,47.14752,5.73082,0
02/20/2026 06:00:00,0,47.85716,5.70932,0
02/20/2026 06:30:00,0,45.28742,6.55872,0
02/20/2026 07:00:00,0,52.40526,7.62316,0
02/20/2026 07:30:00,0,77.46818,1.67732,1.5698
02/20/2026 08:00:00,0,98.3808,0,7.76294
02/20/2026 08:30:00,0,196.25628,0,77.6187
02/20/2026 09:00:00,0,210.4704,0,79.08098
02/20/2026 09:30:00,0,211.3198,0,79.33902
02/20/2026 10:00:00,0,230.7488,0,84.97306
02/20/2026 10:30:00,0,221.9536,0,83.29576
02/20/2026 11:00:00,0,221.3084,0,80.52174
02/20/2026 11:30:00,0,222.5664,0,80.9572
02/20/2026 12:00:00,0,229.5768,0,82.3926
02/20/2026 12:30:00,0,223.8674,0,81.63994
02/20/2026 13:00:00,0,213.5562,0,78.51112
02/20/2026 13:30:00,0,196.6541,0,72.51686
02/20/2026 14:00:00,0,150.53878,0,45.70676
02/20/2026 14:30:00,0,149.90978,0,44.41652
02/20/2026 15:00:00,0,213.0294,0,72.6029
02/20/2026 15:30:00,0,211.051,0,72.31796
02/20/2026 16:00:00,0,217.2872,0,67.33978
02/20/2026 16:30:00,0,172.91906,0,40.2555
02/20/2026 17:00:00,0,139.62548,2.78476,7.16084
02/20/2026 17:30:00,0,96.9508,5.28998,0
02/20/2026 18:00:00,0,91.0802,4.32768,0
02/20/2026 18:30:00,0,84.71502,4.51584,0
02/20/2026 19:00:00,0,83.40328,4.21478,0
02/20/2026 19:30:00,0,69.65146,4.21478,0
02/20/2026 20:00:00,0,61.23264,4.7954,0
02/20/2026 20:30:00,0,44.25524,4.51584,0
02/20/2026 21:00:00,0,43.28756,5.05344,0
02/20/2026 21:30:00,0,43.8144,4.64486,0
02/20/2026 22:00:00,0,43.2983,4.29004,0
02/20/2026 22:30:00,0,43.56174,3.2471,0
02/20/2026 23:00:00,0,42.21236,3.37612,0
02/20/2026 23:30:00,0,41.01888,6.22542,0
02/21/2026 00:00:00,0,41.28768,6.08564,0
02/21/2026 01:00:00,0,41.43822,6.08564,0
02/21/2026 01:30:00,0,40.97588,5.9136,0
02/21/2026 03:30:00,0,41.71238,5.99962,0
02/21/2026 04:00:00,0,41.58874,5.9566,0
02/21/2026 04:30:00,0,42.21236,5.55878,0
02/21/2026 05:00:00,0,42.21236,5.52652,0
02/21/2026 06:00:00,0,42.21774,5.6878,0
02/21/2026 08:00:00,0,58.29736,1.79558,11.97772
02/21/2026 09:00:00,0,137.05576,0,68.99022
02/21/2026 10:30:00,0,138.8621,0,67.70536
02/21/2026 11:00:00,0,139.77602,0,67.51182
02/21/2026 11:30:00,0,139.24378,0,67.20002
02/21/2026 13:30:00,0,133.40008,0,68.08168
02/21/2026 14:00:00,0,135.62574,0,68.43648
02/21/2026 15:00:00,0,128.45416,0,61.96378
02/21/2026 16:00:00,0,128.88424,0,61.07136
02/21/2026 17:00:00,0,43.05638,5.84908,0.4946
02/21/2026 18:00:00,0,40.66408,5.9136,0
02/21/2026 18:30:00,0,41.28768,5.8921,0
02/21/2026 19:00:00,0,41.35758,5.72006,0
02/21/2026 21:30:00,0,41.72852,6.12864,0
02/21/2026 22:00:00,0,41.77152,5.81684,0
02/21/2026 22:30:00,0,41.77152,5.419,0
02/21/2026 23:00:00,0,41.94356,5.26848,0
02/21/2026 23:30:00,0,41.99732,4.93516,0
02/22/2026 00:30:00,0,40.73934,5.53728,0
02/22/2026 01:00:00,0,41.90054,5.19322,0
02/22/2026 01:30:00,0,41.7554,5.03194,0
02/22/2026 02:00:00,0,40.51354,5.83834,0
02/22/2026 02:30:00,0,42.21236,5.32762,0
02/22/2026 03:00:00,0,41.1479,5.46202,0
02/22/2026 03:30:00,0,41.23392,5.81684,0
02/22/2026 04:00:00,0,41.65326,6.59098,0
02/22/2026 04:30:00,0,40.91674,6.65548,0
02/22/2026 05:00:00,0,41.61024,6.81676,0
02/22/2026 05:30:00,0,40.49742,7.10708,0
02/22/2026 06:00:00,0,41.83604,6.58022,0
02/22/2026 06:30:00,0,41.72852,6.34368,0
02/22/2026 07:00:00,0,39.94368,6.6985,0
02/22/2026 07:30:00,0,40.73934,5.9136,0
02/22/2026 08:00:00,0,41.1264,5.85984,0
02/22/2026 08:30:00,0,41.69088,5.94586,0
02/22/2026 09:00:00,0,41.49198,6.11788,0
02/22/2026 09:30:00,0,41.8898,6.24692,0
02/22/2026 10:00:00,0,41.37908,6.46196,0
02/22/2026 10:30:00,0,40.2555,7.15008,0
02/22/2026 11:00:00,0,42.05108,6.64474,0
02/22/2026 11:30:00,0,41.43822,6.9458,0
02/22/2026 12:00:00,0,41.35758,7.0103,0
02/22/2026 12:30:00,0,41.15866,7.15008,0
02/22/2026 13:00:00,0,41.1479,6.90278,0
02/22/2026 13:30:00,0,42.29838,6.33294,0
02/22/2026 14:00:00,0,59.12526,2.78476,0
02/22/2026 14:30:00,0,58.77044,3.02132,0.01076
02/22/2026 15:00:00,0,57.15764,3.70944,0
02/22/2026 15:30:00,0,61.56596,3.32236,0
02/22/2026 16:00:00,0,61.81326,3.27936,0
02/22/2026 16:30:00,0,61.91002,3.56966,0
02/22/2026 17:00:00,0,51.67412,4.3223,0
02/22/2026 17:30:00,0,40.03508,5.88134,0
02/22/2026 18:00:00,0,40.40602,5.419,0
02/22/2026 18:30:00,0,41.664,5.49428,0
02/22/2026 19:00:00,0,40.12648,5.6018,0
02/22/2026 19:30:00,0,41.98656,5.31148,0
02/22/2026 20:00:00,0,41.67476,5.36524,0
02/22/2026 20:30:00,0,41.6425,5.54804,0
02/22/2026 21:00:00,0,42.21774,5.43514,0
02/22/2026 21:30:00,0,40.88986,5.77382,0
02/22/2026 22:00:00,0,42.21774,5.27924,0
02/22/2026 22:30:00,0,42.27688,4.77926,0
02/22/2026 23:00:00,0,41.52422,4.8814,0
02/22/2026 23:30:00,0,42.00806,4.5911,0
02/23/2026 00:00:00,0,42.31988,4.51584,0
02/23/2026 00:30:00,0,41.1479,5.3545,0
02/23/2026 01:00:00,0,42.19622,4.8169,0
02/23/2026 01:30:00,0,41.6855,4.21478,0
02/23/2026 02:00:00,0,42.4274,3.87072,0
02/23/2026 02:30:00,0,41.83604,3.5374,0
02/23/2026 03:00:00,0,41.664,5.40826,0
02/23/2026 03:30:00,0,41.24468,5.97812,0
02/23/2026 04:00:00,0,42.08334,5.56954,0
02/23/2026 04:30:00,0,41.27156,5.85984,0
02/23/2026 05:00:00,0,42.13172,5.84908,0
02/23/2026 05:30:00,0,42.45966,5.88134,0
02/23/2026 06:00:00,0,40.87374,6.66624,0
02/23/2026 06:30:00,0,41.21242,6.75226,0
02/23/2026 07:00:00,0,57.63072,8.09626,0
02/23/2026 07:30:00,0,79.97338,3.99974,0.75264
02/23/2026 08:00:00,0,110.07898,0,8.42956
02/23/2026 08:30:00,0,214.5024,0,73.55444
02/23/2026 09:00:00,0,234.1894,0,74.04904
02/23/2026 09:30:00,0,240.1674,0,76.08116
02/23/2026 10:00:00,0,250.9194,0,82.7044
02/23/2026 10:30:00,0,277.7026,0,93.69294
02/23/2026 11:00:00,0,274.391,0,91.1017
02/23/2026 11:30:00,0,272.2514,0,93.12308
02/23/2026 12:00:00,0,272.3266,0,91.69306
02/23/2026 12:30:00,0,269.585,0,92.55324
02/23/2026 13:00:00,0,273.2406,0,92.21992
02/23/2026 13:30:00,0,264.9724,0,90.06952
02/23/2026 14:00:00,0,275.09,0,89.13408
02/23/2026 14:30:00,0,266.198,0,82.81192
02/23/2026 15:00:00,0,266.397,0,84.72576
02/23/2026 15:30:00,0,269.9612,0,75.33928
02/23/2026 16:00:00,0,270.23,0,73.22114
02/23/2026 16:30:00,0,266.5098,0,71.71586
02/23/2026 17:00:00,0,257.3706,0,69.02784
02/23/2026 17:30:00,0,222.5234,0,65.31842
02/23/2026 18:00:00,0,210.5994,0,55.93192
02/23/2026 18:30:00,0,196.43908,0,54.95348
02/23/2026 19:00:00,0,134.44302,0,31.29908
02/23/2026 19:30:00,0,79.01646,2.645,5.77382
02/23/2026 20:00:00,0,62.64116,4.84916,0
02/23/2026 20:30:00,0,61.4907,4.77926,0
02/23/2026 21:00:00,0,58.2651,5.55878,0
02/23/2026 21:30:00,0,53.9643,5.16096,0
02/23/2026 22:00:00,0,51.67412,4.94592,0
02/23/2026 22:30:00,0,52.89984,4.11264,0
02/23/2026 23:00:00,0,53.674,3.7202,0
02/23/2026 23:30:00,0,55.29754,3.31162,0
02/24/2026 00:00:00,0,53.39444,3.95674,0.01076
02/24/2026 00:30:00,0,51.78164,4.02124,0
02/24/2026 01:00:00,0,54.68468,4.12876,0
02/24/2026 01:30:00,0,56.51252,3.44064,0
02/24/2026 02:00:00,0,53.16864,3.54816,0
02/24/2026 02:30:00,0,53.34068,3.65568,0
02/24/2026 03:00:00,0,54.99648,2.76326,0
02/24/2026 03:30:00,0,54.08256,3.16108,0
02/24/2026 04:00:00,0,52.46976,3.66644,0
02/24/2026 04:30:00,0,54.46964,2.4192,0
02/24/2026 05:00:00,0,56.21146,2.03212,0.0215
02/24/2026 05:30:00,0,53.60948,2.688,0
02/24/2026 06:00:00,0,54.67392,2.731,0
02/24/2026 06:30:00,0,54.57716,3.33312,0.01076
02/24/2026 07:00:00,0,69.32352,4.95668,0
02/24/2026 07:30:00,0,94.12302,3.25786,1.70956
02/24/2026 08:00:00,0,141.36732,0,18.2784
02/24/2026 08:30:00,0,223.147,0,105.89646
02/24/2026 09:00:00,0,224.2976,0,84.98918
02/24/2026 09:30:00,0,238.2536,0,72.72654
02/24/2026 10:00:00,0,242.4898,0,70.26432
02/24/2026 10:30:00,0,241.7696,0,69.33966
02/24/2026 11:00:00,0,243.7372,0,71.02772
02/24/2026 11:30:00,0,243.5006,0,69.0601
02/24/2026 12:00:00,0,244.9414,0,70.8557
02/24/2026 12:30:00,0,260.7252,0,74.13504
02/24/2026 13:00:00,0,264.6282,0,71.84488
02/24/2026 13:30:00,0,263.709,0,72.18356
02/24/2026 14:00:00,0,268.3162,0,69.51168
02/24/2026 14:30:00,0,268.5098,0,67.51182
02/24/2026 15:00:00,0,257.091,0,70.49012
02/24/2026 15:30:00,0,254.5536,0,68.9042
02/24/2026 16:00:00,0,252.3924,0,68.26446
02/24/2026 16:30:00,0,242.8662,0,68.06016
02/24/2026 17:00:00,0,236.1032,0,69.42568
02/24/2026 17:30:00,0,202.8042,0,65.60872
02/24/2026 18:00:00,0,194.96604,0,55.29754
02/24/2026 18:30:00,0,190.32118,0,55.93192
02/24/2026 19:00:00,0,147.93678,0,34.44942
02/24/2026 19:30:00,0,92.04788,3.63418,5.52652
02/24/2026 20:00:00,0,77.25312,5.42976,0
02/24/2026 20:30:00,0,73.45768,5.77382,0
02/24/2026 21:00:00,0,67.77524,6.55872,0
02/24/2026 21:30:00,0,65.63022,6.06412,0
02/24/2026 22:00:00,0,58.50164,5.98886,0
02/24/2026 22:30:00,0,44.76058,5.99962,0
02/24/2026 23:00:00,0,46.00782,5.82758,0
02/24/2026 23:30:00,0,46.53466,5.52652,0
02/25/2026 00:00:00,0,45.24442,5.16096,0
02/25/2026 00:30:00,0,45.14766,4.76314,0
02/25/2026 01:00:00,0,47.93242,4.10726,0
02/25/2026 01:30:00,0,47.72814,4.40832,0
02/25/2026 02:00:00,0,45.8788,4.87066,0
02/25/2026 02:30:00,0,47.11526,6.79526,0
02/25/2026 03:00:00,0,47.95392,6.33294,0
02/25/2026 03:30:00,0,45.19066,6.9458,0
02/25/2026 04:00:00,0,46.2336,6.34368,0
02/25/2026 04:30:00,0,48.03994,5.80608,0
02/25/2026 05:00:00,0,46.87872,6.30068,0
02/25/2026 05:30:00,0,45.97556,6.09638,0
02/25/2026 06:00:00,0,46.01856,6.06412,0
02/25/2026 06:30:00,0,47.44858,6.4727,0
02/25/2026 07:00:00,0,66.63014,8.11776,0
02/25/2026 07:30:00,0,93.1661,3.46214,2.06438
02/25/2026 08:00:00,0,116.0356,0.01076,7.8167
02/25/2026 08:30:00,0,211.5778,0,88.89754
02/25/2026 09:00:00,0,217.5452,0,85.27412
02/25/2026 09:30:00,0,227.7488,0,106.65986
02/25/2026 10:00:00,0,229.7918,0,91.8221
02/25/2026 10:30:00,0,228.394,0,70.3611
02/25/2026 11:00:00,0,237.3612,0,85.56442
02/25/2026 11:30:00,0,242.4898,0,118.53006
02/25/2026 12:00:00,0,236.802,0,87.71482
02/25/2026 12:30:00,0,232.7916,0,73.16738
02/25/2026 13:00:00,0,236.5762,0,73.6512
02/25/2026 13:30:00,0,244.264,0,74.9522
02/25/2026 14:00:00,0,242.264,0,72.2212
02/25/2026 14:30:00,0,239.6084,0,69.8235
02/25/2026 15:00:00,0,243.0168,0,71.67822
02/25/2026 15:30:00,0,248.7798,0,72.76954
02/25/2026 16:00:00,0,250.8012,0,68.10856
02/25/2026 16:30:00,0,244.8338,0,66.80756
02/25/2026 17:00:00,0,232.8992,0,68.23758
02/25/2026 17:30:00,0,210.7178,0,68.94184
02/25/2026 18:00:00,0,199.2991,0,59.68436
02/25/2026 18:30:00,0,195.11658,0,59.81338
02/25/2026 19:00:00,0,164.18844,0,46.13684
02/25/2026 19:30:00,0,88.6395,2.05364,8.3328
02/25/2026 20:00:00,0,70.32884,5.419,0
02/25/2026 20:30:00,0,70.9202,6.85978,0
02/25/2026 21:00:00,0,64.12494,7.11782,0
02/25/2026 21:30:00,0,57.86728,6.61248,0
02/25/2026 22:00:00,0,58.16832,6.35444,0
02/25/2026 22:30:00,0,52.19022,6.01036,0
02/25/2026 23:00:00,0,52.05044,6.60172,0
02/25/2026 23:30:00,0,53.01812,5.24698,0
02/26/2026 00:00:00,0,50.7387,4.70938,0
02/26/2026 00:30:00,0,46.91098,5.83834,0
02/26/2026 01:00:00,0,47.8679,6.32218,0
02/26/2026 01:30:00,0,49.08288,5.78458,0
02/26/2026 02:00:00,0,45.91104,6.82752,0
02/26/2026 02:30:00,0,48.01844,6.66624,0
02/26/2026 03:00:00,0,48.69582,6.15014,0
02/26/2026 03:30:00,0,47.60986,6.30068,0
02/26/2026 04:00:00,0,47.36256,6.03188,0
02/26/2026 04:30:00,0,49.86778,5.26848,0
02/26/2026 05:00:00,0,47.04,6.08564,0
02/26/2026 05:30:00,0,47.5776,5.9136,0
02/26/2026 06:00:00,0,49.73876,5.56954,0
02/26/2026 06:30:00,0,47.88942,6.33294,0
02/26/2026 07:00:00,0,70.52238,6.6985,0
02/26/2026 07:30:00,0,90.41358,3.07508,0.06452
02/26/2026 08:00:00,0,107.50926,0.20428,6.54796
02/26/2026 08:30:00,0,216.384,0,95.30574
02/26/2026 09:00:00,0,266.155,0,111.99286
02/26/2026 09:30:00,0,279.7456,0,118.59458
02/26/2026 10:00:00,0,283.5356,0,126.09948
02/26/2026 10:30:00,0,279.1326,0,125.4651
02/26/2026 11:00:00,0,282.1916,0,123.08892
02/26/2026 11:30:00,0,281.7562,0,126.86286
02/26/2026 12:00:00,0,278.7672,0,122.25026
02/26/2026 12:30:00,0,277.1974,0,123.38996
02/26/2026 13:00:00,0,277.7564,0,125.33608
02/26/2026 13:30:00,0,267.112,0,120.27188
02/26/2026 14:00:00,0,254.6396,0,98.46682
02/26/2026 14:30:00,0,248.1024,0,71.66208
02/26/2026 15:00:00,0,253.801,0,73.35552
02/26/2026 15:30:00,0,248.0594,0,72.32872
02/26/2026 16:00:00,0,242.307,0,73.6297
02/26/2026 16:30:00,0,251.156,0,77.17786
02/26/2026 17:00:00,0,247.4574,0,73.84474
02/26/2026 17:30:00,0,210.008,0,59.44782
02/26/2026 18:00:00,0,207.6748,0,53.30842
02/26/2026 18:30:00,0,203.6322,0,54.72768
02/26/2026 19:00:00,0,149.19478,0,33.4226
02/26/2026 19:30:00,0,107.49852,3.66644,17.51502
02/26/2026 20:00:00,0,72.17818,6.73076,0
02/26/2026 20:30:00,0,70.08154,6.27916,0
02/26/2026 21:00:00,0,63.49058,7.47264,0
02/26/2026 21:30:00,0,57.37268,7.11782,0
02/26/2026 22:00:00,0,53.11488,5.88134,0
02/26/2026 22:30:00,0,53.4267,5.6878,0
02/26/2026 23:00:00,0,49.25492,6.22542,0
02/26/2026 23:30:00,0,52.92134,5.43514,0
02/27/2026 00:00:00,0,52.30848,5.24698,0
02/27/2026 00:30:00,0,51.36232,4.84916,0
02/27/2026 01:00:00,0,52.00744,4.80614,0
02/27/2026 01:30:00,0,52.09344,4.55348,0
02/27/2026 02:00:00,0,52.53428,4.32768,0
02/27/2026 02:30:00,0,51.8354,4.46208,0
02/27/2026 03:00:00,0,52.84608,4.94592,0
02/27/2026 03:30:00,0,50.93222,6.78452,0
02/27/2026 04:00:00,0,50.7387,6.55872,0
02/27/2026 04:30:00,0,51.51284,6.39744,0
02/27/2026 05:00:00,0,53.2224,5.65556,0
02/27/2026 05:30:00,0,50.94298,6.24692,0
02/27/2026 06:00:00,0,51.5666,6.54796,0
02/27/2026 06:30:00,0,53.86752,6.08564,0
02/27/2026 07:00:00,0,76.9252,6.04262,0
02/27/2026 07:30:00,0,97.32712,1.98912,1.91386
02/27/2026 08:00:00,0,128.6047,0,12.84864
02/27/2026 08:30:00,0,220.8998,0,72.02766
02/27/2026 09:00:00,0,227.351,0,73.94688
02/27/2026 09:30:00,0,234.3292,0,76.7693
02/27/2026 10:00:00,0,241.92,0,78.1778
02/27/2026 10:30:00,0,248.9196,0,80.33896
02/27/2026 11:00:00,0,258.2846,0,79.19386
02/27/2026 11:30:00,0,263.1014,0,103.85358
02/27/2026 12:00:00,0,272.3266,0,120.73422
02/27/2026 12:30:00,0,295.1156,0,162.51652
02/27/2026 13:00:00,0,264.7572,0,108.06836
02/27/2026 13:30:00,0,237.4042,0,77.38214
02/27/2026 14:00:00,0,237.7268,0,76.50048
02/27/2026 14:30:00,0,251.672,0,84.91932
02/27/2026 15:00:00,0,304.7548,0,146.88846
02/27/2026 15:30:00,0,307.905,0,158.08668
02/27/2026 16:00:00,0,304.4,0,155.2159
02/27/2026 16:30:00,0,299.2604,0,140.66842
02/27/2026 17:00:00,0,285.971,0,117.60538
02/27/2026 17:30:00,0,238.1676,0,75.11886
02/27/2026 18:00:00,0,216.556,0,62.64116
02/27/2026 18:30:00,0,205.4384,0,60.9961
02/27/2026 19:00:00,0,178.25744,0,48.95386
02/27/2026 19:30:00,0,104.68148,3.99974,14.03136
02/27/2026 20:00:00,0,73.44154,6.60172,0
02/27/2026 20:30:00,0,71.71586,7.26836,0
02/27/2026 21:00:00,0,69.11924,8.107,0
02/27/2026 21:30:00,0,68.59778,8.09626,0
02/27/2026 22:00:00,0,71.11374,7.05332,0
02/27/2026 22:30:00,0,62.37236,5.96736,0
02/27/2026 23:00:00,0,55.8459,4.76852,0
02/27/2026 23:30:00,0,59.093,4.11264,0
02/28/2026 00:00:00,0,59.24352,3.84922,0
02/28/2026 00:30:00,0,56.82432,4.93516,0
02/28/2026 01:00:00,0,57.60922,4.22016,0
02/28/2026 01:30:00,0,59.84564,4.09652,0
02/28/2026 02:00:00,0,59.28654,4.5696,0
02/28/2026 02:30:00,0,56.79206,4.73088,0
02/28/2026 03:00:00,0,57.73826,4.17178,0
02/28/2026 03:30:00,0,59.3188,2.80628,0
02/28/2026 04:00:00,0,58.5124,2.51596,0
02/28/2026 04:30:00,0,58.00704,3.4514,0
02/28/2026 05:00:00,0,60.1252,2.40844,0.01076
02/28/2026 05:30:00,0,57.67374,3.44064,0
02/28/2026 06:00:00,0,56.43726,3.68794,0
02/28/2026 06:30:00,0,59.70586,2.30092,0
02/28/2026 07:00:00,0,59.29728,2.48372,0.19354
02/28/2026 07:30:00,0,63.73786,0,4.55348
02/28/2026 08:00:00,0,80.44648,0,18.5042
02/28/2026 08:30:00,0,145.2864,0,56.49102
02/28/2026 09:00:00,0,147.59272,0,56.10394
02/28/2026 09:30:00,0,144.60366,0,53.7385
02/28/2026 10:00:00,0,146.61428,0,52.79232
02/28/2026 10:30:00,0,149.04424,0,53.31918
02/28/2026 11:00:00,0,147.20564,0,54.10406
02/28/2026 11:30:00,0,147.06048,0,52.54502
02/28/2026 12:00:00,0,149.94742,0,54.98574
02/28/2026 12:30:00,0,149.62484,0,55.3298
02/28/2026 13:00:00,0,146.31324,0,54.45888
02/28/2026 13:30:00,0,149.27004,0,55.09326
02/28/2026 14:00:00,0,148.6034,0,53.74926
02/28/2026 14:30:00,0,144.02306,0,51.63112
02/28/2026 15:00:00,0,147.04438,0,54.08256
02/28/2026 15:30:00,0,144.60366,0,52.74932
02/28/2026 16:00:00,0,144.8617,0,52.81384
02/28/2026 16:30:00,0,141.44258,0,50.4914
02/28/2026 17:00:00,0,72.5115,1.6558,5.04268
02/28/2026 17:30:00,0,60.94234,2.25792,0
02/28/2026 18:00:00,0,58.98548,2.38156,0
02/28/2026 18:30:00,0,59.22202,2.25792,0.01076
02/28/2026 19:00:00,0,59.23278,2.09664,0
02/28/2026 19:30:00,0,57.63072,2.51596,0
02/28/2026 20:00:00,0,59.48008,1.89236,0
02/28/2026 20:30:00,0,60.22196,2.08588,0.01076
02/28/2026 21:00:00,0,58.5124,2.4407,0
02/28/2026 21:30:00,0,57.7705,2.36544,0
02/28/2026 22:00:00,0,59.48008,2.1289,0
02/28/2026 22:30:00,0,60.84558,1.20422,0.03226
02/28/2026 23:00:00,0,58.2651,1.22572,0.03226
02/28/2026 23:30:00,0,60.23272,0.65588,0.15052
03/01/2026 00:00:00,0,60.7058,1.1881,0.15052
